player_name,team,year,G,GS,CG,Inn,Ch,PO,A,E,DP,Fld%
Nick Ahmed,Arizona Diamondbacks,19,158,155,146,1381,632,207,412,13,79,0.979
Abraham Almonte,Arizona Diamondbacks,19,12,7,4,67,18,16,1,1,0,0.944
Matt Andriese,Arizona Diamondbacks,19,54,0,0,70.2,20,6,12,2,1,0.9
Alex Avila,Arizona Diamondbacks,19,55,49,37,433,415,384,29,2,2,0.995
Archie Bradley,Arizona Diamondbacks,19,66,1,0,71.2,4,3,1,0,1,1
Andrew Chafin,Arizona Diamondbacks,19,77,0,0,52.2,16,7,8,1,2,0.938
Taylor Clarke,Arizona Diamondbacks,19,23,15,0,84.2,12,4,6,2,0,0.833
Stefan Crichton,Arizona Diamondbacks,19,28,0,0,30.1,7,2,4,1,0,0.857
Kevin Cron,Arizona Diamondbacks,19,13,7,5,66.1,60,56,3,1,7,0.983
Jon Duplantier,Arizona Diamondbacks,19,15,3,0,36.2,4,2,2,0,1,1
Jarrod Dyson,Arizona Diamondbacks,19,118,91,64,879,220,208,10,2,1,0.991
Eduardo Escobar,Arizona Diamondbacks,19,155,153,121,1374,415,125,283,7,40,0.983
Wilmer Flores,Arizona Diamondbacks,19,70,60,27,500,252,124,122,6,30,0.976
Zac Gallen,Arizona Diamondbacks,19,8,8,0,43.2,6,3,3,0,0,1
Kevin Ginkel,Arizona Diamondbacks,19,25,0,0,24.1,3,1,1,1,0,0.667
Zack Godley,Arizona Diamondbacks,19,27,9,0,76,16,10,5,1,0,0.938
Zack Greinke,Arizona Diamondbacks,19,23,23,0,146,52,26,25,1,8,0.981
Yoshihisa Hirano,Arizona Diamondbacks,19,62,0,0,53,11,3,7,1,1,0.909
Greg Holland,Arizona Diamondbacks,19,40,0,0,35.2,8,7,1,0,1,1
Adam Jones,Arizona Diamondbacks,19,130,118,103,1045,217,209,2,6,0,0.972
Caleb Joseph,Arizona Diamondbacks,19,17,11,5,98.2,94,87,6,1,2,0.989
Carson Kelly,Arizona Diamondbacks,19,102,85,79,786.2,849,792,49,8,2,0.991
Merrill Kelly,Arizona Diamondbacks,19,32,32,0,183.1,39,21,14,4,2,0.897
Matt Koch,Arizona Diamondbacks,19,9,0,0,20.2,3,2,1,0,0,1
Jake Lamb,Arizona Diamondbacks,19,57,53,22,424.1,223,159,62,2,22,0.991
Mike Leake,Arizona Diamondbacks,19,10,10,0,60,17,9,8,0,2,1
Domingo Leyba,Arizona Diamondbacks,19,10,3,1,39.1,24,8,15,1,3,0.958
Tim Locastro,Arizona Diamondbacks,19,69,44,32,460.2,106,104,1,1,0,0.991
Yoan L?pez,Arizona Diamondbacks,19,70,0,0,60.2,11,5,6,0,1,1
Ketel Marte,Arizona Diamondbacks,19,142,139,81,1210,397,249,145,3,32,0.992
T.J. McFarland,Arizona Diamondbacks,19,51,0,0,56,23,5,17,1,1,0.957
John Ryan Murphy,Arizona Diamondbacks,19,19,17,14,154,160,150,10,0,1,1
Joel Payamps,Arizona Diamondbacks,19,2,0,0,4,0,0,0,0,0,
David Peralta,Arizona Diamondbacks,19,93,91,84,806,206,201,3,2,1,0.99
Robbie Ray,Arizona Diamondbacks,19,33,33,0,174.1,30,7,21,2,2,0.933
Josh Rojas,Arizona Diamondbacks,19,38,35,30,327,65,63,2,0,1,1
Robby Scott,Arizona Diamondbacks,19,11,0,0,7.1,0,0,0,0,0,
James Sherfy,Arizona Diamondbacks,19,17,0,0,18.1,2,0,2,0,0,1
Blake Swihart,Arizona Diamondbacks,19,19,11,8,121.2,25,22,3,0,0,1
Yasmany Tom?s,Arizona Diamondbacks,19,1,1,,,,,,,,
Ildemaro Vargas,Arizona Diamondbacks,19,67,35,30,373.2,166,59,105,2,26,0.988
Christian Walker,Arizona Diamondbacks,19,142,132,112,1179,1192,1042,139,11,95,0.991
Taijuan Walker,Arizona Diamondbacks,19,1,1,0,1,0,0,0,0,0,
Luke Weaver,Arizona Diamondbacks,19,12,12,0,64.1,12,5,7,0,0,1
Alex Young,Arizona Diamondbacks,19,17,15,0,83.1,10,2,8,0,0,1
Ronald Acuna Jr.,Atlanta Braves,19,156,154,124,1364,338,325,10,3,1,0.991
Ozzie Albies,Atlanta Braves,19,158,157,155,1405,661,273,384,4,117,0.994
Jesse Biddle,Atlanta Braves,19,15,0,0,11.2,3,1,1,1,0,0.667
Jerry Blevins,Atlanta Braves,19,45,0,0,32.1,5,3,1,1,0,0.8
Johan Camargo,Atlanta Braves,19,62,46,35,436.2,167,70,90,7,17,0.958
Shane Carle,Atlanta Braves,19,6,0,0,9.1,1,1,0,0,0,1
Francisco Cervelli,Atlanta Braves,19,11,7,4,63.2,61,59,1,1,1,0.984
Charlie Culberson,Atlanta Braves,19,64,15,11,229,92,63,27,2,10,0.978
Grant Dayton,Atlanta Braves,19,14,0,0,12,1,0,1,0,0,1
Josh Donaldson,Atlanta Braves,19,148,148,137,1297,417,100,304,13,38,0.969
Adam Duvall,Atlanta Braves,19,32,26,23,239,48,44,2,2,0,0.958
Tyler Flowers,Atlanta Braves,19,83,73,68,679,716,676,37,3,3,0.996
Mike Foltynewicz,Atlanta Braves,19,21,21,0,117,13,3,9,1,0,0.923
Freddie Freeman,Atlanta Braves,19,158,157,144,1365.2,1365,1296,63,6,128,0.996
Max Fried,Atlanta Braves,19,33,30,1,165.2,44,7,34,3,1,0.932
Kevin Gausman,Atlanta Braves,19,16,16,0,80,11,1,8,2,0,0.818
Shane Greene,Atlanta Braves,19,27,0,0,24.2,3,0,3,0,0,1
Billy Hamilton,Atlanta Braves,19,24,9,8,109.2,19,19,0,0,0,1
Adeiny Hechavarria,Atlanta Braves,19,16,15,15,143.2,56,22,33,1,11,0.982
Ender Inciarte,Atlanta Braves,19,63,57,52,491,146,143,2,1,1,0.993
Alex Jackson,Atlanta Braves,19,4,4,3,36,29,26,3,0,0,1
Luke Jackson,Atlanta Braves,19,70,0,0,72.2,8,1,5,2,1,0.75
Matthew Joyce,Atlanta Braves,19,37,34,11,269,58,54,2,2,1,0.966
Dallas Keuchel,Atlanta Braves,19,19,19,0,112.2,26,3,23,0,4,1
Nick Markakis,Atlanta Braves,19,111,107,100,945,197,191,5,1,1,0.995
Chris Martin,Atlanta Braves,19,20,0,0,17.2,4,0,3,1,0,0.75
Brian McCann,Atlanta Braves,19,83,79,69,678,662,640,19,3,3,0.995
Mark Melancon,Atlanta Braves,19,23,0,0,21,3,1,2,0,0,1
A.J. Minter,Atlanta Braves,19,36,0,0,29.1,4,0,4,0,0,1
John Ryan Murphy,Atlanta Braves,19,1,0,0,2,3,3,0,0,0,1
Sean Newcomb,Atlanta Braves,19,55,4,0,68.1,8,1,6,1,1,0.875
Darren O'Day,Atlanta Braves,19,8,0,0,5.1,0,0,0,0,0,
Rafael Ortega,Atlanta Braves,19,27,18,15,196,37,37,0,0,0,1
Wes Parsons,Atlanta Braves,19,17,0,0,15.1,3,2,1,0,0,1
Austin Riley,Atlanta Braves,19,71,67,34,567.1,145,126,14,5,7,0.966
Chad Sobotka,Atlanta Braves,19,32,0,0,29,0,0,0,0,0,
Mike Soroka,Atlanta Braves,19,29,29,0,174.2,36,9,27,0,5,1
Dansby Swanson,Atlanta Braves,19,126,123,118,1090.2,496,137,347,12,68,0.976
Anthony Swarzak,Atlanta Braves,19,44,0,0,39.2,3,0,3,0,0,1
Julio Teheran,Atlanta Braves,19,33,33,0,174.2,29,4,25,0,0,1
Josh Tomlin,Atlanta Braves,19,51,1,0,79.1,16,5,11,0,1,1
Touki Toussaint,Atlanta Braves,19,24,1,0,41.2,8,4,4,0,0,1
Jonny Venters,Atlanta Braves,19,9,0,0,4.2,0,0,0,0,0,
Arodys Vizcaino,Atlanta Braves,19,4,0,0,4,0,0,0,0,0,
Jeremy Walker,Atlanta Braves,19,6,0,0,9.1,1,0,1,0,0,1
Jacob Webb,Atlanta Braves,19,36,0,0,32.1,1,0,1,0,0,1
Bryse Wilson,Atlanta Braves,19,6,4,0,20,3,0,3,0,0,1
Dan Winkler,Atlanta Braves,19,27,0,0,21.2,1,0,1,0,0,1
Kyle Wright,Atlanta Braves,19,7,4,0,19.2,2,1,1,0,0,1
Huascar Ynoa,Atlanta Braves,19,2,0,0,3,2,1,1,0,0,1
Hanser Alberto,Baltimore Orioles,19,132,126,80,1103.1,473,179,284,10,73,0.979
Pedro Araujo,Baltimore Orioles,19,1,0,0,0.2,0,0,0,0,0,
Shawn Armstrong,Baltimore Orioles,19,51,0,0,54.1,3,1,2,0,0,1
Ty Blach,Baltimore Orioles,19,5,5,0,20.2,3,0,3,0,0,1
Richard Bleier,Baltimore Orioles,19,53,1,0,55.1,12,4,8,0,0,1
Aaron Brooks,Baltimore Orioles,19,14,12,0,59.2,9,4,4,1,0,0.889
Keon Broxton,Baltimore Orioles,19,36,29,24,266.1,106,104,0,2,0,0.981
Dylan Bundy,Baltimore Orioles,19,30,30,0,161.2,18,10,8,0,1,1
Andrew Cashner,Baltimore Orioles,19,17,17,0,96.1,16,8,8,0,0,1
Miguel Castro,Baltimore Orioles,19,65,0,0,73.1,18,7,10,1,1,0.944
Alex Cobb,Baltimore Orioles,19,3,3,0,12.1,3,0,3,0,0,1
Chris Davis,Baltimore Orioles,19,99,86,81,778.1,714,672,37,5,86,0.993
Ryan Eades,Baltimore Orioles,19,6,0,0,7.2,1,0,1,0,0,1
Tom Eshelman,Baltimore Orioles,19,10,4,0,36,5,2,2,1,0,0.8
Paul Fry,Baltimore Orioles,19,66,0,0,57.1,11,7,4,0,0,1
Sean Gilmartin,Baltimore Orioles,19,1,1,0,2.1,1,0,1,0,0,1
Mychal Givens,Baltimore Orioles,19,58,0,0,63,8,2,4,2,0,0.75
Hunter Harvey,Baltimore Orioles,19,7,0,0,6.1,1,0,1,0,0,1
Austin Hays,Baltimore Orioles,19,20,15,15,153.1,55,54,1,0,0,1
David Hess,Baltimore Orioles,19,23,14,0,80,8,4,3,1,0,0.875
Drew Jackson,Baltimore Orioles,19,3,1,0,8,3,3,0,0,0,1
Nate Karns,Baltimore Orioles,19,4,2,0,5.1,3,0,3,0,1,1
Branden Kline,Baltimore Orioles,19,34,0,0,41,4,2,2,0,0,1
Josh Lucas,Baltimore Orioles,19,9,0,0,15.2,2,0,2,0,0,1
Trey Mancini,Baltimore Orioles,19,134,136,98,1168,606,562,43,1,43,0.998
Richie Martin,Baltimore Orioles,19,117,89,65,785,342,108,224,10,46,0.971
John Means,Baltimore Orioles,19,31,27,0,155,15,5,10,0,0,1
Cedric Mullins,Baltimore Orioles,19,22,18,16,164,59,58,0,1,0,0.983
Renato Nunez,Baltimore Orioles,19,33,29,19,244.1,192,163,25,4,16,0.979
Luis Ortiz,Baltimore Orioles,19,1,1,0,3.1,1,1,0,0,0,1
Jace Peterson,Baltimore Orioles,19,28,23,16,217.1,89,53,33,3,3,0.966
Evan Phillips,Baltimore Orioles,19,25,0,0,28,1,0,1,0,0,1
Yefry Ramirez,Baltimore Orioles,19,4,1,0,10.1,0,0,0,0,0,
Joey Rickard,Baltimore Orioles,19,40,33,23,291.2,85,83,0,2,0,0.976
Josh Rogers,Baltimore Orioles,19,5,0,0,14.1,0,0,0,0,0,
Jose Rondon,Baltimore Orioles,19,1,0,0,2,1,1,0,0,0,1
Rio Ruiz,Baltimore Orioles,19,121,93,85,886,291,104,179,8,26,0.973
Anthony Santander,Baltimore Orioles,19,90,89,63,793.1,230,223,5,2,2,0.991
Tanner Scott,Baltimore Orioles,19,28,0,0,26.1,3,0,2,1,0,0.667
Tayler Scott,Baltimore Orioles,19,8,0,0,8.2,4,2,2,0,1,1
Pedro Severino,Baltimore Orioles,19,89,80,71,719.2,692,655,29,8,5,0.988
Chandler Shepherd,Baltimore Orioles,19,5,3,0,19,2,1,1,0,0,1
Chance Sisco,Baltimore Orioles,19,53,45,36,395.1,345,332,7,6,0,0.983
Dwight Smith Jr.,Baltimore Orioles,19,86,82,66,695.2,161,153,3,5,1,0.969
DJ Stewart,Baltimore Orioles,19,35,33,22,275.2,55,50,3,2,1,0.964
Dan Straily,Baltimore Orioles,19,14,8,0,47.2,7,2,4,1,0,0.857
Jesus Sucre,Baltimore Orioles,19,19,17,16,150,119,113,5,1,3,0.992
Dillon Tate,Baltimore Orioles,19,16,0,0,21,2,0,2,0,0,1
Mark Trumbo,Baltimore Orioles,19,7,7,,,,,,,,
Jonathan Villar,Baltimore Orioles,19,160,158,101,1391.1,646,206,420,20,104,0.969
Stevie Wilkerson,Baltimore Orioles,19,112,86,68,809.2,215,189,23,3,5,0.986
Mason Williams,Baltimore Orioles,19,9,8,5,72,16,14,1,1,0,0.938
Asher Wojciechowski,Baltimore Orioles,19,17,16,0,82.1,6,4,2,0,0,1
Matt Wotherspoon,Baltimore Orioles,19,2,0,0,4.2,2,1,1,0,0,1
Mike Wright,Baltimore Orioles,19,10,0,0,13.1,2,1,1,0,0,1
Austin Wynns,Baltimore Orioles,19,25,20,19,182,188,173,12,3,1,0.984
Jimmy Yacabonis,Baltimore Orioles,19,29,4,0,41,8,2,5,1,1,0.875
Gabriel Ynoa,Baltimore Orioles,19,36,13,0,110.2,17,7,8,2,0,0.882
Matt Barnes,Boston Red Sox,19,70,0,0,64.1,7,4,2,1,0,0.857
Andrew Benintendi,Boston Red Sox,19,136,134,120,1193.2,193,182,9,2,3,0.99
Mookie Betts,Boston Red Sox,19,143,142,132,1273.1,332,320,10,2,0,0.994
Xander Bogaerts,Boston Red Sox,19,153,153,139,1368,525,165,347,13,70,0.975
Jackie Bradley Jr.,Boston Red Sox,19,145,138,134,1260,319,305,10,4,3,0.987
Ryan Brasier,Boston Red Sox,19,62,0,0,55.2,9,4,4,1,0,0.889
Colten Brewer,Boston Red Sox,19,58,0,0,54.2,15,3,12,0,0,1
Andrew Cashner,Boston Red Sox,19,25,6,0,53.2,11,2,9,0,1,1
Juan Centeno,Boston Red Sox,19,5,3,3,34,30,25,5,0,1,1
Jhoulys Chacin,Boston Red Sox,19,6,5,0,14.2,1,1,0,0,0,1
Michael Chavis,Boston Red Sox,19,93,85,71,784.1,531,415,108,8,44,0.985
Rafael Devers,Boston Red Sox,19,152,151,142,1355,431,117,292,22,20,0.949
Nathan Eovaldi,Boston Red Sox,19,23,12,0,67.2,16,8,8,0,2,1
Heath Hembree,Boston Red Sox,19,45,0,0,39.2,2,1,1,0,0,1
Darwinzon Hernandez,Boston Red Sox,19,29,1,0,30.1,5,1,4,0,1,1
Gorkys Hernandez,Boston Red Sox,19,15,12,8,119.2,26,24,1,1,0,0.962
Marco Hernandez,Boston Red Sox,19,50,29,24,295.2,114,50,63,1,10,0.991
Brock Holt,Boston Red Sox,19,82,73,47,642,288,125,160,3,32,0.99
Brian Johnson,Boston Red Sox,19,21,7,0,40.1,1,0,1,0,0,1
Trevor Kelley,Boston Red Sox,19,10,0,0,8.1,1,0,1,0,0,1
Travis Lakins,Boston Red Sox,19,16,3,0,23.1,5,4,1,0,0,1
Sandy Leon,Boston Red Sox,19,65,50,33,469,572,539,30,3,0,0.995
Tzu-Wei Lin,Boston Red Sox,19,11,6,5,51.1,26,14,12,0,5,1
J.D. Martinez,Boston Red Sox,19,38,37,31,330.2,74,67,4,3,2,0.959
Mitch Moreland,Boston Red Sox,19,85,74,58,663.2,607,556,48,3,52,0.995
Eduardo Nunez,Boston Red Sox,19,43,28,21,284.2,96,34,59,3,7,0.969
Chris Owings,Boston Red Sox,19,19,11,7,104,53,18,34,1,8,0.981
Steve Pearce,Boston Red Sox,19,23,18,12,165,113,100,10,3,10,0.973
Dustin Pedroia,Boston Red Sox,19,4,4,3,28,16,9,7,0,3,1
Rick Porcello,Boston Red Sox,19,32,32,0,174.1,38,16,21,1,1,0.974
Bobby Poyner,Boston Red Sox,19,13,1,0,11.2,0,0,0,0,0,
David Price,Boston Red Sox,19,22,22,0,107.1,11,4,7,0,0,1
Erasmo Ramirez,Boston Red Sox,19,1,0,0,3,2,0,2,0,0,1
Eduardo Rodriguez,Boston Red Sox,19,34,34,0,203.1,25,2,23,0,1,1
Chris Sale,Boston Red Sox,19,25,25,1,147.1,13,6,7,0,1,1
Mike Shawaryn,Boston Red Sox,19,14,0,0,20.1,1,0,0,1,0,0
Josh Smith,Boston Red Sox,19,18,2,0,31,4,3,1,0,0,1
Blake Swihart,Boston Red Sox,19,10,6,6,61,60,55,2,3,0,0.95
Josh Taylor,Boston Red Sox,19,52,1,0,47.1,5,0,4,1,0,0.8
Tyler Thornburg,Boston Red Sox,19,16,0,0,18.2,2,0,2,0,0,1
Sam Travis,Boston Red Sox,19,45,31,19,283,188,175,9,4,14,0.979
Christian Vazquez,Boston Red Sox,19,126,111,90,1003,1126,1043,81,2,10,0.998
Hector Velazquez,Boston Red Sox,19,34,8,0,56.1,10,4,5,1,0,0.9
Marcus Walden,Boston Red Sox,19,70,0,0,78,11,5,5,1,0,0.909
Ryan Weber,Boston Red Sox,19,18,3,0,40.2,12,3,9,0,0,1
Brandon Workman,Boston Red Sox,19,73,0,0,71.2,9,4,5,0,1,1
Steven Wright,Boston Red Sox,19,6,0,0,6.1,1,0,1,0,0,1
Jim Adduci,Chicago Cubs,19,1,1,1,8,5,5,0,0,0,1
Albert Almora,Chicago Cubs,19,125,80,69,765.1,207,201,3,3,0,0.986
Adbert Alzolay,Chicago Cubs,19,4,2,0,12.1,4,2,1,1,0,0.75
Javier Baez,Chicago Cubs,19,130,129,119,1125.2,551,167,369,15,88,0.973
Tony Barnette,Chicago Cubs,19,2,0,0,1.1,0,0,0,0,0,
David Bote,Chicago Cubs,19,112,75,55,734.2,281,82,183,16,32,0.943
Brad Brach,Chicago Cubs,19,42,0,0,39.2,10,4,6,0,1,1
Kris Bryant,Chicago Cubs,19,142,142,108,1240,322,119,188,15,16,0.953
Victor Caratini,Chicago Cubs,19,81,59,47,559.1,592,558,31,3,11,0.995
Nicholas Castellanos,Chicago Cubs,19,51,51,28,422.2,92,89,3,0,1,1
Xavier Cedeno,Chicago Cubs,19,5,0,0,2,1,0,1,0,0,1
Tyler Chatwood,Chicago Cubs,19,38,5,0,76.2,19,7,11,1,1,0.947
Steve Cishek,Chicago Cubs,19,70,0,0,64,13,4,8,1,1,0.923
Tim Collins,Chicago Cubs,19,9,0,0,8.2,1,0,1,0,0,1
Willson Contreras,Chicago Cubs,19,103,94,83,831.1,841,777,52,12,3,0.986
Yu Darvish,Chicago Cubs,19,31,31,0,178.2,28,14,13,1,1,0.964
Taylor Davis,Chicago Cubs,19,7,4,3,44.1,57,54,3,0,0,1
Daniel Descalso,Chicago Cubs,19,47,38,15,307.2,152,54,95,3,26,0.98
Carl Edwards Jr.,Chicago Cubs,19,20,0,0,15.1,4,2,2,0,0,1
Robel Garcia,Chicago Cubs,19,21,15,8,137.2,57,23,30,4,11,0.93
Carlos Gonzalez,Chicago Cubs,19,14,12,3,100,15,15,0,0,0,1
Cole Hamels,Chicago Cubs,19,27,27,0,141.2,21,2,18,1,0,0.952
Ian Happ,Chicago Cubs,19,49,28,15,303.2,136,98,36,2,9,0.985
Kyle Hendricks,Chicago Cubs,19,30,30,1,177,41,10,29,2,0,0.951
Jason Heyward,Chicago Cubs,19,144,137,83,1222,258,247,6,5,1,0.981
Nico Hoerner,Chicago Cubs,19,19,19,18,168.1,74,21,51,2,9,0.973
Derek Holland,Chicago Cubs,19,20,1,0,15.2,5,2,2,1,0,0.8
Danny Hultzen,Chicago Cubs,19,6,0,0,3.1,2,0,1,1,0,0.5
Tony Kemp,Chicago Cubs,19,21,15,9,143,68,38,29,1,7,0.985
Craig Kimbrel,Chicago Cubs,19,23,0,0,20.2,1,0,1,0,0,1
Brandon Kintzler,Chicago Cubs,19,62,0,0,57,18,11,7,0,2,1
Jon Lester,Chicago Cubs,19,31,31,0,171.2,11,5,5,1,1,0.909
Jonathan Lucroy,Chicago Cubs,19,24,14,11,133,142,131,9,2,2,0.986
Martin Maldonado,Chicago Cubs,19,4,4,3,35,37,35,1,1,0,0.973
Dillon Maples,Chicago Cubs,19,14,0,0,11.2,5,2,3,0,0,1
Alec Mills,Chicago Cubs,19,9,4,0,36,4,1,3,0,0,1
Mike Montgomery,Chicago Cubs,19,20,0,0,27,7,2,5,0,0,1
James Norwood,Chicago Cubs,19,9,0,0,9.1,1,0,1,0,0,1
David Phelps,Chicago Cubs,19,24,0,0,17,1,0,1,0,0,1
Jose Quintana,Chicago Cubs,19,32,31,0,171,41,15,26,0,1,1
Anthony Rizzo,Chicago Cubs,19,146,144,126,1226.2,1268,1140,123,5,120,0.996
Randy Rosario,Chicago Cubs,19,13,0,0,10.2,3,1,2,0,0,1
Addison Russell,Chicago Cubs,19,80,55,47,525.1,277,95,176,6,36,0.978
Kyle Ryan,Chicago Cubs,19,73,0,0,61,17,5,11,1,1,0.941
Kyle Schwarber,Chicago Cubs,19,141,137,99,1157.2,228,215,7,6,0,0.974
Pedro Strop,Chicago Cubs,19,50,0,0,41.2,6,4,1,1,0,0.833
Duane Underwood Jr.,Chicago Cubs,19,12,0,0,11.2,2,1,1,0,0,1
Allen Webster,Chicago Cubs,19,12,0,0,11,4,1,3,0,1,1
Rowan Wick,Chicago Cubs,19,31,0,0,33.1,7,2,5,0,0,1
Brad Wieck,Chicago Cubs,19,14,0,0,10,1,0,0,1,0,0
Mark Zagunis,Chicago Cubs,19,8,6,3,47,8,7,0,1,0,0.875
Ben Zobrist,Chicago Cubs,19,44,37,15,302.2,117,58,56,3,16,0.974
Jos? Abreu,Chicago White Sox,19,125,125,123,1103.2,1094,1012,74,8,128,0.993
Yonder Alonso,Chicago White Sox,19,21,21,21,175,146,137,7,2,14,0.986
Tim Anderson,Chicago White Sox,19,122,122,114,1050,532,182,324,26,75,0.951
Manny Banuelos,Chicago White Sox,19,16,8,0,50.2,4,2,1,1,1,0.75
Aaron Bummer,Chicago White Sox,19,58,0,0,67.2,17,4,12,1,1,0.941
Ryan Burr,Chicago White Sox,19,16,1,0,19.2,4,1,3,0,0,1
Welington Castillo,Chicago White Sox,19,48,46,43,395,377,354,19,4,4,0.989
Dylan Cease,Chicago White Sox,19,14,14,0,73,15,8,6,1,2,0.933
Zack Collins,Chicago White Sox,19,11,11,11,98.1,81,80,1,0,0,1
Alex Colome,Chicago White Sox,19,62,0,0,61,6,2,3,1,0,0.833
Jimmy Cordero,Chicago White Sox,19,30,0,0,36,3,2,1,0,0,1
Ryan Cordell,Chicago White Sox,19,91,63,54,599.1,158,153,2,3,2,0.981
Dylan Covey,Chicago White Sox,19,18,12,0,58.2,9,6,2,1,0,0.889
Nicky Delmonico,Chicago White Sox,19,21,17,11,143,33,30,2,1,1,0.97
Odrisamer Despaigne,Chicago White Sox,19,3,3,0,13.1,0,0,0,0,0,
Ross Detwiler,Chicago White Sox,19,18,12,0,69.2,7,2,5,0,0,1
Adam Engel,Chicago White Sox,19,86,65,58,608.1,164,159,2,3,0,0.982
Caleb Frare,Chicago White Sox,19,5,0,0,2.2,0,0,0,0,0,
Jace Fry,Chicago White Sox,19,68,0,0,55,9,1,8,0,2,1
Carson Fulmer,Chicago White Sox,19,20,2,0,27.1,1,1,0,0,0,1
Leury Garcia,Chicago White Sox,19,138,134,93,1158.2,299,222,66,11,16,0.963
Lucas Giolito,Chicago White Sox,19,29,29,3,176.2,19,4,15,0,1,1
Ryan Goins,Chicago White Sox,19,46,34,30,326.2,127,48,74,5,22,0.961
Kelvin Herrera,Chicago White Sox,19,57,0,0,51.1,4,2,2,0,0,1
Jon Jay,Chicago White Sox,19,45,42,33,364,63,60,2,1,0,0.984
Eloy Jimenez,Chicago White Sox,19,114,114,94,967.2,199,190,6,3,1,0.985
Nate Jones,Chicago White Sox,19,13,0,0,10.1,1,0,1,0,1,1
Reynaldo Lopez,Chicago White Sox,19,33,33,1,184,23,9,13,1,1,0.957
Evan Marshall,Chicago White Sox,19,55,0,0,50.2,7,3,3,1,0,0.857
James McCann,Chicago White Sox,19,106,102,100,905.1,930,884,39,7,8,0.992
Danny Mendick,Chicago White Sox,19,11,8,7,78,40,14,26,0,7,1
Juan Minaya,Chicago White Sox,19,22,0,0,27.2,2,1,1,0,0,1
Yoan Moncada,Chicago White Sox,19,129,129,123,1095.2,391,120,256,15,37,0.962
Ivan Nova,Chicago White Sox,19,34,34,2,187,28,9,18,1,3,0.964
Josh Osich,Chicago White Sox,19,57,0,0,67.2,14,7,7,0,0,1
Daniel Palka,Chicago White Sox,19,24,21,8,170.2,32,30,2,0,0,1
AJ Reed,Chicago White Sox,19,4,4,3,34,38,31,6,1,6,0.974
Carlos Rodon,Chicago White Sox,19,7,7,0,34.2,1,0,1,0,0,1
Jose Rondon,Chicago White Sox,19,45,36,24,314,126,42,80,4,15,0.968
Jose Ruiz,Chicago White Sox,19,40,1,0,40,7,1,5,1,0,0.857
Yolmer Sanchez,Chicago White Sox,19,149,141,138,1256.2,673,248,416,9,108,0.987
Ervin Santana,Chicago White Sox,19,3,3,0,13.1,2,2,0,0,0,1
Hector Santiago,Chicago White Sox,19,11,2,0,25.2,5,0,5,0,1,1
Matt Skole,Chicago White Sox,19,9,9,9,78,60,59,1,0,9,1
Charlie Tilson,Chicago White Sox,19,51,41,27,358.1,101,94,4,3,0,0.97
Thyago Vieira,Chicago White Sox,19,6,0,0,7,2,0,1,1,1,0.5
Seby Zavala,Chicago White Sox,19,3,3,2,23,26,22,3,1,0,0.962
R.J. Alaniz,Cincinnati Reds,19,8,0,0,11.2,4,2,1,1,0,0.75
Aristides Aquino,Cincinnati Reds,19,54,53,49,464.2,102,97,3,2,0,0.98
Tucker Barnhart,Cincinnati Reds,19,103,87,78,782,873,824,47,2,4,0.998
Trevor Bauer,Cincinnati Reds,19,10,10,0,56.1,9,7,2,0,0,1
Alex Blandino,Cincinnati Reds,19,15,8,1,80,42,23,18,1,5,0.976
Matt Bowman,Cincinnati Reds,19,27,0,0,32,11,2,8,1,0,0.909
Curt Casali,Cincinnati Reds,19,69,57,41,510.1,610,575,32,3,4,0.995
Luis Castillo,Cincinnati Reds,19,32,32,0,190.2,48,17,30,1,1,0.979
Christian Colon,Cincinnati Reds,19,3,0,0,3.2,1,0,1,0,0,1
Anthony DeSclafani,Cincinnati Reds,19,31,31,0,166.2,27,13,14,0,0,1
Derek Dietrich,Cincinnati Reds,19,84,65,30,546.2,312,191,118,3,36,0.99
Zach Duke,Cincinnati Reds,19,30,0,0,23.1,6,3,3,0,1,1
Phil Ervin,Cincinnati Reds,19,88,51,32,519.2,111,107,2,2,0,0.982
Kyle Farmer,Cincinnati Reds,19,71,35,16,387.1,219,164,52,3,13,0.986
Freddy Galvis,Cincinnati Reds,19,31,27,20,232.2,94,34,59,1,9,0.989
Amir Garrett,Cincinnati Reds,19,69,0,0,56,16,5,10,1,1,0.938
Kevin Gausman,Cincinnati Reds,19,15,1,0,22.1,8,5,2,1,0,0.875
Scooter Gennett,Cincinnati Reds,19,19,18,10,141.2,66,27,39,0,13,1
Juan Graterol,Cincinnati Reds,19,5,5,4,37.1,47,46,1,0,1,1
Sonny Gray,Cincinnati Reds,19,31,31,0,175.1,43,22,19,2,4,0.953
Jimmy Herget,Cincinnati Reds,19,5,0,0,6.1,1,1,0,0,0,1
David Hernandez,Cincinnati Reds,19,47,0,0,42.2,4,2,2,0,0,1
Jared Hughes,Cincinnati Reds,19,47,0,0,48.1,10,3,7,0,1,1
Jos? Iglesias,Cincinnati Reds,19,144,136,116,1169.2,455,122,324,9,62,0.98
Raisel Iglesias,Cincinnati Reds,19,68,0,0,67,12,5,6,1,1,0.917
Matt Kemp,Cincinnati Reds,19,17,15,10,124,16,16,0,0,0,1
Joel Kuhnel,Cincinnati Reds,19,11,0,0,9.2,0,0,0,0,0,
Ryan Lavarnway,Cincinnati Reds,19,5,4,4,41.2,50,46,3,1,1,0.98
Michael Lorenzen,Cincinnati Reds,19,93,6,5,172.1,52,38,13,1,0,0.981
Tyler Mahle,Cincinnati Reds,19,25,25,0,129.2,26,12,13,1,0,0.962
Keury Mella,Cincinnati Reds,19,2,0,0,3.2,0,0,0,0,0,
Brian O'Grady,Cincinnati Reds,19,18,9,2,88,32,31,1,0,0,1
Wandy Peralta,Cincinnati Reds,19,39,0,0,34,10,7,3,0,0,1
Jose Peraza,Cincinnati Reds,19,124,88,49,847,328,132,187,9,46,0.973
Yasiel Puig,Cincinnati Reds,19,98,95,84,816.1,168,160,5,3,1,0.982
Cody Reed,Cincinnati Reds,19,3,0,0,6.1,0,0,0,0,0,
Tanner Roark,Cincinnati Reds,19,21,21,0,110.1,20,10,8,2,1,0.9
Sal Romano,Cincinnati Reds,19,12,0,0,16.1,2,0,2,0,1,1
Scott Schebler,Cincinnati Reds,19,25,22,17,199.2,58,57,0,1,0,0.983
Nick Senzel,Cincinnati Reds,19,96,93,85,801,186,177,5,4,1,0.978
Lucas Sims,Cincinnati Reds,19,24,4,0,43,5,2,3,0,0,1
Robert Stephenson,Cincinnati Reds,19,57,0,0,64.2,14,4,6,4,0,0.714
Eugenio Suarez,Cincinnati Reds,19,158,151,138,1308.2,369,106,246,17,26,0.954
Josh VanMeter,Cincinnati Reds,19,74,53,23,463.2,170,128,38,4,9,0.976
Joey Votto,Cincinnati Reds,19,133,132,113,1132,1069,944,118,7,93,0.993
Jesse Winker,Cincinnati Reds,19,93,86,45,720,154,145,6,3,2,0.981
Alex Wood,Cincinnati Reds,19,7,7,0,35.2,5,2,3,0,0,1
Greg Allen,Cleveland Indians,19,84,58,50,570.1,134,125,7,2,0,0.985
Logan Allen,Cleveland Indians,19,1,0,0,2.1,0,0,0,0,0,
Cody Anderson,Cleveland Indians,19,5,2,0,8.2,1,0,1,0,0,1
Jake Bauers,Cleveland Indians,19,78,71,56,617.1,277,263,11,3,13,0.989
Trevor Bauer,Cleveland Indians,19,24,24,1,156.2,18,5,13,0,1,1
Shane Bieber,Cleveland Indians,19,34,33,3,214.1,26,12,14,0,0,1
Bobby Bradley,Cleveland Indians,19,5,5,1,37,41,39,0,2,3,0.951
Carlos Carrasco,Cleveland Indians,19,23,12,1,80,11,5,6,0,0,1
Yu Chang,Cleveland Indians,19,26,21,13,191,45,11,34,0,2,1
Adam Cimber,Cleveland Indians,19,68,0,0,56.2,16,4,10,2,1,0.875
Aaron Civale,Cleveland Indians,19,10,10,0,57.2,6,1,4,1,0,0.833
Mike Clevinger,Cleveland Indians,19,21,21,0,126,23,12,11,0,0,1
Tyler Clippard,Cleveland Indians,19,53,3,0,62,6,2,3,1,0,0.833
A.J. Cole,Cleveland Indians,19,25,0,0,26,3,0,3,0,0,1
Jon Edwards,Cleveland Indians,19,9,0,0,8,1,1,0,0,0,1
Ryan Flaherty,Cleveland Indians,19,13,6,5,68,19,6,13,0,0,1
Mike Freeman,Cleveland Indians,19,66,47,41,463,174,56,112,6,15,0.966
Carlos Gonzalez,Cleveland Indians,19,20,20,18,172,47,46,0,1,0,0.979
Nick Goody,Cleveland Indians,19,39,0,0,40.2,2,0,1,1,0,0.5
Eric Haase,Cleveland Indians,19,8,2,2,26,29,27,2,0,0,1
Brad Hand,Cleveland Indians,19,60,0,0,57.1,0,0,0,0,0,
James Hoyt,Cleveland Indians,19,8,0,0,8.1,0,0,0,0,0,
James Karinchak,Cleveland Indians,19,5,0,0,5.1,1,0,0,1,0,0
Jason Kipnis,Cleveland Indians,19,117,117,110,1024,407,150,253,4,51,0.99
Corey Kluber,Cleveland Indians,19,7,7,0,35.2,3,0,3,0,0,1
Francisco Lindor,Cleveland Indians,19,137,137,127,1196.1,481,159,312,10,68,0.979
Jordan Luplow,Cleveland Indians,19,76,60,42,522,122,117,5,0,1,1
Leonys Mart?n,Cleveland Indians,19,65,65,58,565.1,152,148,3,1,0,0.993
Phil Maton,Cleveland Indians,19,9,0,0,12.1,1,1,0,0,0,1
Oscar Mercado,Cleveland Indians,19,110,104,97,941.2,248,236,6,6,0,0.976
Brad Miller,Cleveland Indians,19,13,12,6,94,31,7,22,2,2,0.935
Max Moroff,Cleveland Indians,19,19,7,4,84,33,14,19,0,3,1
Tyler Naquin,Cleveland Indians,19,80,74,62,649.2,176,165,11,0,3,1
Tyler Olson,Cleveland Indians,19,39,0,0,30.2,3,1,2,0,0,1
Dan Otero,Cleveland Indians,19,25,0,0,29.2,4,1,3,0,1,1
Oliver Perez,Cleveland Indians,19,67,0,0,40.2,5,1,3,1,0,0.8
Roberto Perez,Cleveland Indians,19,118,114,101,993.2,1137,1082,52,3,12,0.997
Kevin Plawecki,Cleveland Indians,19,59,46,38,422,441,419,20,2,2,0.995
Zach Plesac,Cleveland Indians,19,21,21,1,115.2,26,11,13,2,2,0.923
Adam Plutko,Cleveland Indians,19,21,20,0,109.1,14,10,2,2,0,0.857
Yasiel Puig,Cleveland Indians,19,48,48,40,407.2,90,84,3,3,1,0.967
Hanley Ramirez,Cleveland Indians,19,15,14,,,,,,,,
Jose Ramirez,Cleveland Indians,19,126,125,118,1088.2,344,108,222,14,21,0.959
Neil Ramirez,Cleveland Indians,19,16,0,0,16.2,1,1,0,0,0,1
Franmil Reyes,Cleveland Indians,19,3,3,0,16,4,4,0,0,0,1
Jefry Rodriguez,Cleveland Indians,19,10,8,0,46.2,8,2,5,1,2,0.875
Danny Salazar,Cleveland Indians,19,1,1,0,4,0,0,0,0,0,
Carlos Santana,Cleveland Indians,19,135,135,129,1185.2,1034,951,73,10,77,0.99
Josh Smith,Cleveland Indians,19,8,0,0,8.1,1,0,1,0,0,1
Eric Stamets,Cleveland Indians,19,15,14,11,118,40,10,28,2,3,0.95
Andrew Velazquez,Cleveland Indians,19,5,3,3,30,13,6,7,0,3,1
Nick Wittgren,Cleveland Indians,19,55,0,0,57.2,10,3,7,0,3,1
Hunter Wood,Cleveland Indians,19,17,0,0,16.1,4,2,2,0,0,1
Bradley Zimmer,Cleveland Indians,19,5,2,1,22,5,5,0,0,0,1
Yency Almonte,Colorado Rockies,19,28,0,0,34,4,2,2,0,0,1
Yonder Alonso,Colorado Rockies,19,11,10,9,85,88,83,5,0,6,1
Tyler Anderson,Colorado Rockies,19,5,5,0,20.2,3,2,1,0,0,1
Nolan Arenado,Colorado Rockies,19,154,151,135,1319.2,457,111,337,9,43,0.98
Chad Bettis,Colorado Rockies,19,39,3,0,63.2,21,7,13,1,2,0.952
Charlie Blackmon,Colorado Rockies,19,135,134,125,1178,241,232,5,4,1,0.983
Drew Butera,Colorado Rockies,19,16,13,9,118,113,106,7,0,0,1
Noel Cuevas,Colorado Rockies,19,1,1,0,3,0,0,0,0,0,
David Dahl,Colorado Rockies,19,93,92,77,799.1,171,168,1,2,0,0.988
Wade Davis,Colorado Rockies,19,50,0,0,42.2,6,2,3,1,2,0.833
Yonathan Daza,Colorado Rockies,19,29,24,10,195,55,49,4,2,0,0.964
Ian Desmond,Colorado Rockies,19,119,104,94,942.1,192,182,5,5,1,0.974
Jairo Diaz,Colorado Rockies,19,56,0,0,57.2,14,6,6,2,2,0.857
Phillip Diehl,Colorado Rockies,19,10,0,0,7.1,0,0,0,0,0,
Mike Dunn,Colorado Rockies,19,28,0,0,17.2,1,0,1,0,0,1
Carlos Estevez,Colorado Rockies,19,71,0,0,72,9,4,4,1,1,0.889
Kyle Freeland,Colorado Rockies,19,22,22,0,104.1,16,3,12,1,1,0.938
Josh Fuentes,Colorado Rockies,19,12,11,7,100.1,101,98,3,0,6,1
Rico Garcia,Colorado Rockies,19,2,1,0,6,0,0,0,0,0,
Chi Chi Gonzalez,Colorado Rockies,19,14,12,0,63,16,4,10,2,1,0.875
Jon Gray,Colorado Rockies,19,26,25,0,150,35,18,16,1,0,0.971
Garrett Hampson,Colorado Rockies,19,89,72,53,662.1,291,150,134,7,32,0.976
Joe Harvey,Colorado Rockies,19,9,0,0,8,0,0,0,0,0,
Sam Hilliard,Colorado Rockies,19,25,18,13,182,54,51,1,2,0,0.963
Jeff Hoffman,Colorado Rockies,19,15,15,0,70,21,10,10,1,0,0.952
Sam Howard,Colorado Rockies,19,20,0,0,19,3,0,3,0,0,1
Chris Iannetta,Colorado Rockies,19,45,37,33,338.2,319,300,16,3,1,0.991
DJ Johnson,Colorado Rockies,19,28,0,0,25,5,3,2,0,0,1
Peter Lambert,Colorado Rockies,19,19,19,0,89.1,31,14,16,1,3,0.968
German Marquez,Colorado Rockies,19,28,28,1,174,39,17,20,2,0,0.949
Jake McGee,Colorado Rockies,19,45,0,0,41.1,8,3,4,1,0,0.875
Ryan McMahon,Colorado Rockies,19,135,122,100,1104.1,641,297,328,16,90,0.975
Tim Melville,Colorado Rockies,19,7,7,0,33.1,6,2,3,1,0,0.833
Daniel Murphy,Colorado Rockies,19,110,98,94,889,1030,909,112,9,98,0.991
Harrison Musgrave,Colorado Rockies,19,10,0,0,10,4,3,1,0,0,1
Dom Nunez,Colorado Rockies,19,14,10,8,96,89,82,7,0,1,1
Scott Oberg,Colorado Rockies,19,49,0,0,56,8,2,6,0,0,1
Seunghwan Oh,Colorado Rockies,19,21,0,0,18.1,4,1,3,0,0,1
Wes Parsons,Colorado Rockies,19,15,0,0,19.1,8,2,5,1,0,0.875
James Pazos,Colorado Rockies,19,12,0,0,10.1,4,0,4,0,0,1
Mark Reynolds,Colorado Rockies,19,32,29,17,235,231,217,13,1,29,0.996
Brendan Rodgers,Colorado Rockies,19,22,18,13,168.2,89,29,55,5,13,0.944
Chris Rusin,Colorado Rockies,19,2,0,0,1,0,0,0,0,0,
Antonio Senzatela,Colorado Rockies,19,25,25,0,124.2,34,10,22,2,2,0.941
Bryan Shaw,Colorado Rockies,19,70,0,0,72,12,6,6,0,0,1
Trevor Story,Colorado Rockies,19,144,144,133,1257.1,606,182,416,8,90,0.987
Raimel Tapia,Colorado Rockies,19,106,91,83,845.2,174,164,6,4,1,0.977
Jesus Tinoco,Colorado Rockies,19,24,0,0,36,5,3,2,0,0,1
Pat Valaika,Colorado Rockies,19,22,15,8,153.1,83,34,48,1,14,0.988
Tony Wolters,Colorado Rockies,19,117,102,90,918.1,859,778,80,1,14,0.999
Austin Adams,Detroit Tigers,19,13,0,0,14,4,1,3,0,0,1
Victor Alcantara,Detroit Tigers,19,46,0,0,42.2,9,2,6,1,0,0.889
Tyler Alexander,Detroit Tigers,19,13,8,0,53.2,4,2,2,0,0,1
Sandy Baez,Detroit Tigers,19,1,0,0,1,0,0,0,0,0,
Gordon Beckham,Detroit Tigers,19,66,56,55,519,226,89,132,5,31,0.978
Matthew Boyd,Detroit Tigers,19,32,32,0,185.1,27,7,19,1,0,0.963
Miguel Cabrera,Detroit Tigers,19,26,26,15,219,210,204,5,1,13,0.995
Jeimer Candelario,Detroit Tigers,19,89,86,86,774.2,331,180,144,7,35,0.979
Ryan Carpenter,Detroit Tigers,19,9,9,0,40.2,6,1,4,1,0,0.833
Nicholas Castellanos,Detroit Tigers,19,89,89,85,784,205,200,3,2,0,0.99
Harold Castro,Detroit Tigers,19,90,87,82,775.1,281,173,101,7,19,0.975
Willi Castro,Detroit Tigers,19,29,28,28,253,107,36,67,4,17,0.963
Jose Cisnero,Detroit Tigers,19,35,0,0,35.1,4,2,2,0,0,1
Travis Demeritte,Detroit Tigers,19,47,46,46,411.2,105,104,0,1,0,0.99
Brandon Dixon,Detroit Tigers,19,97,86,79,782,540,490,42,8,39,0.985
Buck Farmer,Detroit Tigers,19,73,1,0,67.2,12,4,6,2,1,0.833
Jose Fernandez,Detroit Tigers,19,4,0,0,3.2,2,1,1,0,0,1
Bryan Garcia,Detroit Tigers,19,7,0,0,6.2,1,1,0,0,0,1
Reed Garrett,Detroit Tigers,19,13,0,0,15.1,0,0,0,0,0,
Niko Goodrum,Detroit Tigers,19,107,105,96,925.2,483,286,182,15,40,0.969
Shane Greene,Detroit Tigers,19,38,0,0,38,5,0,3,2,1,0.6
Grayson Greiner,Detroit Tigers,19,58,57,57,509,506,478,23,5,2,0.99
Matt Hall,Detroit Tigers,19,16,0,0,23.1,1,0,1,0,0,1
Blaine Hardy,Detroit Tigers,19,39,0,0,44.1,9,3,6,0,0,1
Josh Harrison,Detroit Tigers,19,34,34,33,305.2,156,70,86,0,22,1
John Hicks,Detroit Tigers,19,89,81,81,733.1,735,688,46,1,27,0.999
Edwin Jackson,Detroit Tigers,19,10,8,0,39.1,3,2,0,1,0,0.667
Eduardo Jimenez,Detroit Tigers,19,8,0,0,10.2,2,1,0,1,0,0.5
Joe Jimenez,Detroit Tigers,19,66,0,0,59.2,4,2,1,1,1,0.75
JaCoby Jones,Detroit Tigers,19,85,83,78,725.2,198,193,1,4,1,0.98
Dawel Lugo,Detroit Tigers,19,73,70,66,631,207,66,136,5,11,0.976
Mikie Mahtook,Detroit Tigers,19,8,6,6,59,18,16,0,2,0,0.889
David McKay,Detroit Tigers,19,18,0,0,19.1,1,0,1,0,0,1
Jordy Mercer,Detroit Tigers,19,73,71,67,622.2,293,105,181,7,38,0.976
Matt Moore,Detroit Tigers,19,2,2,0,10,4,0,3,1,0,0.75
Daniel Norris,Detroit Tigers,19,32,29,0,144.1,22,6,14,2,0,0.909
Dustin Peterson,Detroit Tigers,19,14,11,11,99.2,17,17,0,0,0,1
Nick Ramirez,Detroit Tigers,19,46,0,0,79.2,16,5,10,1,0,0.938
Zac Reininger,Detroit Tigers,19,25,1,0,28,3,0,3,0,0,1
Victor Reyes,Detroit Tigers,19,67,63,62,566,155,147,7,1,1,0.994
Ronny Rodriguez,Detroit Tigers,19,68,65,61,573.1,304,150,146,8,39,0.974
Jake Rogers,Detroit Tigers,19,34,34,32,302,301,287,13,1,0,0.997
Trevor Rosenthal,Detroit Tigers,19,10,0,0,9,2,0,1,1,0,0.5
Tyson Ross,Detroit Tigers,19,7,7,0,35.1,11,4,6,1,0,0.909
John Schreiber,Detroit Tigers,19,13,0,0,13,1,1,0,0,0,1
Gregory Soto,Detroit Tigers,19,33,7,0,57.2,10,1,6,3,1,0.7
Christin Stewart,Detroit Tigers,19,89,89,77,766.2,140,133,2,5,1,0.964
Daniel Stumpf,Detroit Tigers,19,48,0,0,29,3,2,1,0,0,1
Carlos Torres,Detroit Tigers,19,4,0,0,6,0,0,0,0,0,
Spencer Turnbull,Detroit Tigers,19,30,30,0,148.1,20,6,13,1,1,0.95
Drew VerHagen,Detroit Tigers,19,22,4,0,58,8,1,7,0,2,1
Bobby Wilson,Detroit Tigers,19,15,15,11,127.2,131,125,6,0,0,1
Jordan Zimmermann,Detroit Tigers,19,23,23,0,112,18,7,10,1,1,0.944
Bryan Abreu,Houston Astros,19,7,0,0,8.2,4,2,2,0,0,1
Jose Altuve,Houston Astros,19,121,119,105,1025.2,397,128,257,12,49,0.97
Yordan ?lvarez,Houston Astros,19,10,9,4,66,11,9,1,1,0,0.909
Rogelio Armenteros,Houston Astros,19,5,2,0,18,2,1,1,0,0,1
Joe Biagini,Houston Astros,19,13,0,0,14.2,0,0,0,0,0,
Michael Brantley,Houston Astros,19,123,118,89,1006.2,173,167,3,3,0,0.983
Alex Bregman,Houston Astros,19,151,150,123,1301.1,448,129,308,11,38,0.975
Robinson Chirinos,Houston Astros,19,112,106,103,966,1135,1078,51,6,5,0.995
Gerrit Cole,Houston Astros,19,33,33,0,212.1,26,14,12,0,0,1
Carlos Correa,Houston Astros,19,75,75,68,642.1,273,95,176,2,34,0.993
Chris Devenski,Houston Astros,19,61,1,0,69,11,5,5,1,0,0.909
Aledmys D?az,Houston Astros,19,62,54,36,498.1,227,158,66,3,14,0.987
Derek Fisher,Houston Astros,19,14,11,9,108,13,13,0,0,0,1
Yuli Gurriel,Houston Astros,19,143,142,117,1248,904,754,143,7,65,0.992
Zack Greinke,Houston Astros,19,10,10,0,62.2,16,7,9,0,4,1
Reymin Guduan,Houston Astros,19,7,0,0,5.1,0,0,0,0,0,
Will Harris,Houston Astros,19,68,0,0,60,16,6,10,0,4,1
Josh James,Houston Astros,19,49,1,0,61.1,4,1,3,0,1,1
Tony Kemp,Houston Astros,19,52,36,28,360.2,121,71,50,0,6,1
Martin Maldonado,Houston Astros,19,27,24,19,213,280,270,7,3,1,0.989
Jake Marisnick,Houston Astros,19,109,73,63,733,198,196,1,1,1,0.995
Corbin Martin,Houston Astros,19,5,5,0,19.1,7,6,0,1,0,0.857
Jack Mayfield,Houston Astros,19,26,16,11,164,65,23,41,1,6,0.985
Collin McHugh,Houston Astros,19,35,8,0,74.2,13,6,6,1,1,0.923
Wade Miley,Houston Astros,19,33,33,0,167.1,27,7,19,1,1,0.963
Roberto Osuna,Houston Astros,19,66,0,0,65,12,8,3,1,0,0.917
Brad Peacock,Houston Astros,19,23,15,0,91.2,11,5,4,2,0,0.818
Cionel P?rez,Houston Astros,19,5,0,0,9,1,0,1,0,0,1
Ryan Pressly,Houston Astros,19,55,0,0,54.1,10,4,6,0,0,1
Josh Reddick,Houston Astros,19,133,126,93,1131.1,244,235,4,5,1,0.98
Brady Rodgers,Houston Astros,19,3,0,0,5,0,0,0,0,0,
Hector Rondon,Houston Astros,19,62,1,0,60.2,13,6,7,0,2,1
Aaron Sanchez,Houston Astros,19,4,4,0,18.2,5,4,1,0,0,1
Joe Smith,Houston Astros,19,28,0,0,25,2,1,1,0,0,1
Cy Sneed,Houston Astros,19,8,0,0,21.1,1,0,1,0,0,1
George Springer,Houston Astros,19,109,106,67,915,227,220,5,2,1,0.991
Max Stassi,Houston Astros,19,30,26,21,224.1,270,257,11,2,2,0.993
Myles Straw,Houston Astros,19,46,27,22,306,90,43,47,0,4,1
Garrett Stubbs,Houston Astros,19,17,6,6,87.1,84,80,3,1,0,0.988
Abraham Toro,Houston Astros,19,24,20,17,189.2,57,18,37,2,5,0.965
Kyle Tucker,Houston Astros,19,19,12,7,137.2,47,44,2,1,1,0.979
Jose Urquidy,Houston Astros,19,9,7,0,41,6,3,3,0,1,1
Framber Valdez,Houston Astros,19,26,8,0,70.2,15,3,11,1,1,0.933
Justin Verlander,Houston Astros,19,34,34,2,223,27,17,10,0,0,1
Tyler White,Houston Astros,19,49,40,33,378,318,293,25,0,22,1
Humberto Arteaga,Kansas City Royals,19,39,33,30,298.1,129,45,81,3,14,0.977
Homer Bailey,Kansas City Royals,19,18,18,0,90,13,5,8,0,0,1
Scott Barlow,Kansas City Royals,19,61,0,0,70.1,7,1,6,0,0,1
Jacob Barnes,Kansas City Royals,19,15,0,0,13,4,1,3,0,0,1
Jorge Bonifacio,Kansas City Royals,19,5,5,4,41,11,11,0,0,0,1
Brad Boxberger,Kansas City Royals,19,29,0,0,26.2,3,3,0,0,0,1
Cheslor Cuthbert,Kansas City Royals,19,82,75,69,668.1,428,337,78,13,37,0.97
Jake Diekman,Kansas City Royals,19,48,0,0,41.2,3,0,2,1,0,0.667
Nick Dini,Kansas City Royals,19,20,17,15,150,125,112,12,1,1,0.992
Hunter Dozier,Kansas City Royals,19,124,123,115,1078,346,154,183,9,24,0.974
Lucas Duda,Kansas City Royals,19,19,15,14,137.2,118,111,7,0,15,1
Danny Duffy,Kansas City Royals,19,23,23,0,130.2,15,1,13,1,1,0.933
Chris Ellis,Kansas City Royals,19,1,0,0,1,0,0,0,0,0,
Heath Fillmyer,Kansas City Royals,19,12,3,0,22.1,3,0,3,0,0,1
Brian Flynn,Kansas City Royals,19,11,1,0,29.1,6,0,6,0,0,1
Cam Gallagher,Kansas City Royals,19,44,36,33,325,301,292,8,1,2,0.997
Alex Gordon,Kansas City Royals,19,146,145,135,1262.1,276,268,7,1,2,0.996
Terrance Gore,Kansas City Royals,19,23,13,12,132,35,34,0,1,0,0.971
Kelvin Gutierrez,Kansas City Royals,19,18,18,18,160.2,61,23,35,3,2,0.951
Jesse Hahn,Kansas City Royals,19,6,0,0,4.2,0,0,0,0,0,
Billy Hamilton,Kansas City Royals,19,90,80,77,716.1,201,198,3,0,0,1
Tim Hill,Kansas City Royals,19,46,0,0,39.2,6,0,5,1,1,0.833
Jakob Junis,Kansas City Royals,19,31,31,0,175.1,21,7,13,1,1,0.952
Brad Keller,Kansas City Royals,19,28,28,0,165.1,18,3,14,1,1,0.944
Ian Kennedy,Kansas City Royals,19,63,0,0,63.1,6,0,5,1,0,0.833
Ben Lively,Kansas City Royals,19,1,0,0,1,0,0,0,0,0,
Jorge Lopez,Kansas City Royals,19,39,18,0,123.2,19,5,14,0,1,1
Nicky Lopez,Kansas City Royals,19,101,100,91,884,438,153,281,4,68,0.991
Richard Lovelady,Kansas City Royals,19,25,0,0,20,3,0,2,1,0,0.667
Martin Maldonado,Kansas City Royals,19,73,70,62,604.2,573,544,27,2,2,0.997
Ryan McBroom,Kansas City Royals,19,20,19,14,161,70,68,2,0,2,1
Kevin McCarthy,Kansas City Royals,19,56,0,0,60.1,19,4,15,0,2,1
Erick Mejia,Kansas City Royals,19,8,6,4,53,26,24,2,0,0,1
Whit Merrifield,Kansas City Royals,19,154,153,132,1331.1,577,334,232,11,66,0.981
Adalberto Mondesi,Kansas City Royals,19,100,99,94,852.2,440,147,286,7,66,0.984
Mike Montgomery,Kansas City Royals,19,13,13,0,64,13,3,10,0,0,1
Jake Newberry,Kansas City Royals,19,27,0,0,31,5,1,4,0,1,1
Ryan O'Hearn,Kansas City Royals,19,95,88,79,769,735,707,24,4,80,0.995
Chris Owings,Kansas City Royals,19,41,36,34,328,125,67,58,0,13,1
Wily Peralta,Kansas City Royals,19,42,0,0,40.1,3,2,1,0,2,1
Brett Phillips,Kansas City Royals,19,28,19,17,184.1,60,58,2,0,1,1
Randy Rosario,Kansas City Royals,19,6,0,0,3.2,1,0,1,0,0,1
Frank Schwindel,Kansas City Royals,19,5,4,1,32,31,30,0,1,2,0.968
Eric Skoglund,Kansas City Royals,19,6,4,0,21,6,2,4,0,1,1
Jorge Soler,Kansas City Royals,19,56,54,39,447.1,103,97,3,3,0,0.971
Glenn Sparkman,Kansas City Royals,19,31,23,1,136,19,5,14,0,1,1
Gabe Speier,Kansas City Royals,19,9,0,0,7.1,2,0,2,0,0,1
Bubba Starling,Kansas City Royals,19,55,49,39,443.1,129,123,5,1,1,0.992
Josh Staumont,Kansas City Royals,19,16,0,0,19.1,3,1,2,0,0,1
Meibrys Viloria,Kansas City Royals,19,41,39,36,345.1,316,294,21,1,2,0.997
Kyle Zimmer,Kansas City Royals,19,15,0,0,18.1,1,0,1,0,0,1
Cody Allen,Los Angeles Angels,19,25,0,0,23,0,0,0,0,0,
Justin Anderson,Los Angeles Angels,19,54,0,0,47,4,2,2,0,0,1
Luke Bard,Los Angeles Angels,19,32,3,0,49,4,3,1,0,1,1
Jaime Barria,Los Angeles Angels,19,19,13,0,82.2,8,4,4,0,0,1
Cam Bedrosian,Los Angeles Angels,19,59,7,0,61.1,11,5,6,0,0,1
Anthony Bemboom,Los Angeles Angels,19,22,15,10,138.1,143,136,7,0,0,1
Peter Bourjos,Los Angeles Angels,19,24,11,10,121.2,30,29,1,0,0,1
Justin Bour,Los Angeles Angels,19,37,35,35,308.2,286,264,21,1,24,0.997
Ty Buttrey,Los Angeles Angels,19,72,0,0,72.1,9,4,5,0,1,1
Trevor Cahill,Los Angeles Angels,19,37,11,0,102.1,19,9,9,1,0,0.947
Kole Calhoun,Los Angeles Angels,19,150,146,141,1306.2,325,312,7,6,2,0.982
Griffin Canning,Los Angeles Angels,19,18,17,0,90.1,23,9,12,2,0,0.913
Taylor Cole,Los Angeles Angels,19,38,6,0,51.2,11,1,10,0,3,1
Kaleb Cowart,Los Angeles Angels,19,9,6,6,65,21,9,12,0,2,1
Zack Cozart,Los Angeles Angels,19,34,27,22,242.2,85,30,51,4,4,0.953
John Curtiss,Los Angeles Angels,19,1,0,0,2.1,1,0,1,0,0,1
Miguel Del Pozo,Los Angeles Angels,19,17,0,0,9.1,1,1,0,0,0,1
David Fletcher,Los Angeles Angels,19,154,145,103,1305.2,451,157,286,8,37,0.982
Sam Freeman,Los Angeles Angels,19,1,0,0,2,0,0,0,0,0,
Luis Garcia,Los Angeles Angels,19,64,2,0,62,17,6,10,1,2,0.941
Dustin Garneau,Los Angeles Angels,19,28,22,18,200.1,219,206,12,1,0,0.995
Brian Goodwin,Los Angeles Angels,19,117,101,86,925.2,217,207,5,5,1,0.977
Matt Harvey,Los Angeles Angels,19,12,12,0,59.2,11,4,6,1,1,0.909
Andrew Heaney,Los Angeles Angels,19,18,18,0,95.1,10,4,6,0,1,1
Michael Hermosillo,Los Angeles Angels,19,18,12,9,115,32,32,0,0,0,1
Jake Jewell,Los Angeles Angels,19,18,0,0,26.1,7,5,2,0,0,1
Tommy La Stella,Los Angeles Angels,19,74,70,44,586,196,71,120,5,22,0.974
Jonathan Lucroy,Los Angeles Angels,19,69,61,55,548,573,534,36,3,6,0.995
Adalberto Mejia,Los Angeles Angels,19,20,0,0,13,3,0,3,0,0,1
Keynan Middleton,Los Angeles Angels,19,11,0,0,7.2,0,0,0,0,0,
Shohei Ohtani,Los Angeles Angels,19,92,91,,,,,,,,
Jarrett Parker,Los Angeles Angels,19,5,3,3,34.1,5,5,0,0,0,1
Felix Pena,Los Angeles Angels,19,22,7,0,96.1,14,5,6,3,0,0.786
Dillon Peters,Los Angeles Angels,19,17,12,0,72,15,5,10,0,3,1
Cesar Puello,Los Angeles Angels,19,12,12,9,99,25,25,0,0,0,1
Albert Pujols,Los Angeles Angels,19,98,98,86,861.2,801,719,77,5,70,0.994
JC Ramirez,Los Angeles Angels,19,5,0,0,8,2,1,1,0,0,1
Noe Ramirez,Los Angeles Angels,19,51,7,0,67.2,12,8,4,0,0,1
Matt Ramsey,Los Angeles Angels,19,1,0,0,1,0,0,0,0,0,
Luis Rengifo,Los Angeles Angels,19,107,101,87,901.2,440,182,246,12,60,0.973
Hansel Robles,Los Angeles Angels,19,71,1,0,72.2,13,7,5,1,1,0.923
Jose Rodriguez,Los Angeles Angels,19,9,1,0,19.2,3,1,2,0,1,1
Patrick Sandoval,Los Angeles Angels,19,10,9,0,39.1,7,2,4,1,0,0.857
Andrelton Simmons,Los Angeles Angels,19,102,98,91,873.1,424,137,276,11,56,0.974
Tyler Skaggs,Los Angeles Angels,19,15,15,0,79.2,12,5,7,0,0,1
Kevan Smith,Los Angeles Angels,19,59,46,41,430,416,392,22,2,0,0.995
Max Stassi,Los Angeles Angels,19,20,18,5,133,127,118,9,0,0,1
Chris Stratton,Los Angeles Angels,19,7,5,0,29.1,6,3,3,0,0,1
Jose Suarez,Los Angeles Angels,19,19,15,0,81,15,4,10,1,0,0.933
Matt Thaiss,Los Angeles Angels,19,53,39,27,349.1,162,96,59,7,7,0.957
Wilfredo Tovar,Los Angeles Angels,19,31,23,17,207,92,29,62,1,12,0.989
Nick Tropeano,Los Angeles Angels,19,3,1,0,13.2,2,1,1,0,0,1
Mike Trout,Los Angeles Angels,19,122,121,110,1051.2,303,294,5,4,2,0.987
Justin Upton,Los Angeles Angels,19,56,55,43,461,92,86,2,4,0,0.957
Jared Walsh,Los Angeles Angels,19,27,21,17,185.1,157,140,17,0,12,1
Taylor Ward,Los Angeles Angels,19,13,10,5,85,21,17,2,2,1,0.905
Kean Wong,Los Angeles Angels,19,1,0,0,10,6,2,4,0,1,1
Scott Alexander,Los Angeles Dodgers,19,28,0,0,17.1,6,2,3,1,0,0.833
Pedro Baez,Los Angeles Dodgers,19,71,0,0,69.2,9,2,6,1,0,0.889
Austin Barnes,Los Angeles Dodgers,19,65,62,54,529.2,576,554,16,6,1,0.99
Matt Beaty,Los Angeles Dodgers,19,75,55,38,506.2,277,247,27,3,16,0.989
Cody Bellinger,Los Angeles Dodgers,19,153,151,115,1312,472,449,19,4,22,0.992
Walker Buehler,Los Angeles Dodgers,19,30,30,2,182.1,28,11,17,0,1,1
JT Chargois,Los Angeles Dodgers,19,21,0,0,21.1,2,2,0,0,0,1
Caleb Ferguson,Los Angeles Dodgers,19,46,2,0,44.2,9,1,8,0,0,1
Dylan Floro,Los Angeles Dodgers,19,50,0,0,46.2,10,5,4,1,1,0.9
David Freese,Los Angeles Dodgers,19,50,37,14,296.1,302,287,13,2,18,0.993
Rocky Gale,Los Angeles Dodgers,19,4,4,2,32,40,37,2,1,0,0.975
Yimi Garcia,Los Angeles Dodgers,19,64,0,0,62.1,4,1,2,1,0,0.75
Kyle Garlick,Los Angeles Dodgers,19,15,9,4,81.2,20,20,0,0,0,1
Tony Gonsolin,Los Angeles Dodgers,19,11,6,0,40,7,2,4,1,0,0.857
Jedd Gyorko,Los Angeles Dodgers,19,16,6,3,78,50,33,17,0,5,1
Enrique Hernandez,Los Angeles Dodgers,19,122,100,68,923.1,357,177,174,6,38,0.983
Rich Hill,Los Angeles Dodgers,19,13,13,0,58.2,11,2,8,1,0,0.909
Kenley Jansen,Los Angeles Dodgers,19,62,0,0,63,10,7,2,1,0,0.9
Joe Kelly,Los Angeles Dodgers,19,55,0,0,51.1,16,4,8,4,0,0.75
Clayton Kershaw,Los Angeles Dodgers,19,29,28,0,178.1,26,3,23,0,1,1
Adam Kolarek,Los Angeles Dodgers,19,27,0,0,12.2,3,1,1,1,1,0.667
Gavin Lux,Los Angeles Dodgers,19,22,19,17,178,67,27,38,2,9,0.97
Kenta Maeda,Los Angeles Dodgers,19,37,26,0,153.2,30,11,18,1,3,0.967
Russell Martin,Los Angeles Dodgers,19,69,52,51,503,551,513,36,2,1,0.996
Dustin May,Los Angeles Dodgers,19,14,4,0,34.2,4,0,4,0,0,1
Max Muncy,Los Angeles Dodgers,19,139,130,91,1157.1,689,444,231,14,75,0.98
Kristopher Negron,Los Angeles Dodgers,19,22,14,5,125.1,39,19,20,0,5,1
Joc Pederson,Los Angeles Dodgers,19,136,108,57,938.2,306,285,13,8,9,0.974
A.J. Pollock,Los Angeles Dodgers,19,80,76,65,655,121,116,3,2,1,0.983
Edwin Rios,Los Angeles Dodgers,19,16,7,7,81.2,55,49,5,1,4,0.982
Zac Rosscup,Los Angeles Dodgers,19,7,0,0,3,0,0,0,0,0,
Hyun-Jin Ryu,Los Angeles Dodgers,19,29,29,1,182.2,36,7,29,0,0,1
Casey Sadler,Los Angeles Dodgers,19,24,1,0,27,7,2,5,0,0,1
Dennis Santana,Los Angeles Dodgers,19,3,0,0,5,0,0,0,0,0,
Josh Sborz,Los Angeles Dodgers,19,7,0,0,9,2,2,0,0,0,1
Jaime Schultz,Los Angeles Dodgers,19,4,0,0,5,0,0,0,0,0,
Corey Seager,Los Angeles Dodgers,19,132,125,111,1082.2,457,138,304,15,59,0.967
Will Smith,Los Angeles Dodgers,19,46,45,43,403,456,436,20,0,1,1
Brock Stewart,Los Angeles Dodgers,19,3,0,0,4,1,0,1,0,0,1
Ross Stripling,Los Angeles Dodgers,19,32,15,0,90.2,18,5,12,1,0,0.944
Chris Taylor,Los Angeles Dodgers,19,115,90,54,850.1,254,144,99,11,20,0.957
Justin Turner,Los Angeles Dodgers,19,124,119,103,1024.2,294,67,219,8,22,0.973
Julio Urias,Los Angeles Dodgers,19,37,8,0,79.2,14,4,6,4,0,0.714
Alex Verdugo,Los Angeles Dodgers,19,97,82,67,756,178,170,6,2,0,0.989
Tyler White,Los Angeles Dodgers,19,8,5,5,53,57,51,5,1,6,0.982
Sandy Alcantara,Miami Marlins,19,32,32,2,197.1,34,10,20,4,0,0.882
Jorge Alfaro,Miami Marlins,19,119,112,106,974,996,930,55,11,8,0.989
Brian Anderson,Miami Marlins,19,119,119,112,1044.1,286,144,135,7,15,0.976
Nick Anderson,Miami Marlins,19,45,0,0,43.2,7,2,4,1,0,0.857
Jon Berti,Miami Marlins,19,68,60,49,558.1,189,93,93,3,18,0.984
Austin Brice,Miami Marlins,19,36,0,0,44.2,4,2,2,0,0,1
Jeff Brigham,Miami Marlins,19,32,0,0,38.1,3,0,3,0,0,1
Lewis Brinson,Miami Marlins,19,70,64,56,556.2,167,157,5,5,2,0.97
Wilkin Castillo,Miami Marlins,19,2,2,2,18,20,20,0,0,0,1
Starlin Castro,Miami Marlins,19,161,159,144,1397.1,547,206,328,13,71,0.976
Wei-Yin Chen,Miami Marlins,19,45,0,0,68.1,12,5,7,0,0,1
Adam Conley,Miami Marlins,19,60,0,0,60.2,13,3,10,0,2,1
Garrett Cooper,Miami Marlins,19,99,97,74,809.1,546,502,41,3,40,0.995
Austin Dean,Miami Marlins,19,52,46,27,388.1,105,96,5,4,3,0.962
Isan Diaz,Miami Marlins,19,48,47,45,418.1,186,71,106,9,21,0.952
Robert Dugger,Miami Marlins,19,7,7,0,34.1,3,1,2,0,0,1
Zac Gallen,Miami Marlins,19,7,7,0,36.1,4,1,3,0,0,1
Isaac Galloway,Miami Marlins,19,16,12,8,111.1,33,32,1,0,1,1
Jarlin Garcia,Miami Marlins,19,53,0,0,50.2,10,1,9,0,0,1
Curtis Granderson,Miami Marlins,19,89,67,43,611,142,139,3,0,0,1
Tayron Guerrero,Miami Marlins,19,52,0,0,46,5,3,2,0,0,1
Tyler Heineman,Miami Marlins,19,2,2,2,23.1,27,26,1,0,0,1
Elieser Hernandez,Miami Marlins,19,21,15,0,82.1,8,0,8,0,0,1
Rosell Herrera,Miami Marlins,19,51,20,13,237,51,46,4,1,2,0.98
Bryan Holaday,Miami Marlins,19,39,34,28,311.1,305,288,16,1,1,0.997
Kyle Keller,Miami Marlins,19,10,0,0,10.2,0,0,0,0,0,
Tyler Kinley,Miami Marlins,19,52,0,0,49.1,11,4,6,1,0,0.909
Pablo Lopez,Miami Marlins,19,21,21,0,111.1,21,9,12,0,1,1
Deven Marrero,Miami Marlins,19,3,1,0,11,4,1,3,0,1,1
Brian Moran,Miami Marlins,19,10,0,0,6.1,1,0,1,0,0,1
Hector Noesi,Miami Marlins,19,12,4,0,27.2,2,1,1,0,0,1
Peter O'Brien,Miami Marlins,19,14,13,8,107.2,19,17,1,1,0,0.947
Martin Prado,Miami Marlins,19,59,46,32,415.1,299,253,43,3,34,0.99
Cesar Puello,Miami Marlins,19,28,26,19,213.2,78,74,3,1,0,0.987
Jose Quijada,Miami Marlins,19,34,0,0,29.2,3,1,2,0,0,1
Harold Ramirez,Miami Marlins,19,110,100,64,919.1,253,252,0,1,0,0.996
Trevor Richards,Miami Marlins,19,23,20,0,112,23,10,11,2,1,0.913
JT Riddle,Miami Marlins,19,42,33,28,306.1,87,69,16,2,2,0.977
Yadiel Rivera,Miami Marlins,19,22,12,7,134.2,55,35,18,2,4,0.964
Miguel Rojas,Miami Marlins,19,128,123,111,1080.2,491,191,289,11,77,0.978
Sergio Romo,Miami Marlins,19,38,0,0,37.2,4,0,3,1,1,0.75
Magneuris Sierra,Miami Marlins,19,14,10,7,87.1,25,23,2,0,1,1
Caleb Smith,Miami Marlins,19,28,28,0,153.1,21,7,12,2,1,0.905
Josh Smith,Miami Marlins,19,6,0,0,4.1,0,0,0,0,0,
Ryne Stanek,Miami Marlins,19,22,0,0,21.1,3,2,1,0,0,1
Drew Steckenrider,Miami Marlins,19,15,0,0,14.1,1,1,0,0,0,1
Jose Urena,Miami Marlins,19,24,13,0,84.2,19,11,8,0,1,1
Neil Walker,Miami Marlins,19,89,79,59,701.1,515,457,55,3,47,0.994
Chad Wallach,Miami Marlins,19,14,12,12,119,140,132,7,1,1,0.993
Jordan Yamamoto,Miami Marlins,19,15,15,0,78.2,13,5,7,1,1,0.923
Jesus Aguilar,Milwaukee Brewers,19,61,52,42,468,444,405,35,4,38,0.991
Matt Albers,Milwaukee Brewers,19,67,0,0,59.2,6,2,4,0,0,1
Chase Anderson,Milwaukee Brewers,19,32,27,0,139,20,4,15,1,0,0.95
Orlando Arcia,Milwaukee Brewers,19,150,139,126,1241.1,572,208,350,14,79,0.976
Tyler Austin,Milwaukee Brewers,19,9,3,1,37.1,24,21,2,1,2,0.958
Jacob Barnes,Milwaukee Brewers,19,18,1,0,19.2,2,0,2,0,0,1
Ray Black,Milwaukee Brewers,19,15,0,0,14,3,1,2,0,0,1
Ryan Braun,Milwaukee Brewers,19,112,110,71,892.2,166,155,6,5,0,0.97
Corbin Burnes,Milwaukee Brewers,19,32,4,0,49,14,2,10,2,0,0.857
Lorenzo Cain,Milwaukee Brewers,19,143,134,117,1177.1,313,306,5,2,1,0.994
Jhoulys Chacin,Milwaukee Brewers,19,19,19,0,88.2,16,9,7,0,2,1
Alex Claudio,Milwaukee Brewers,19,83,0,0,62,20,4,16,0,2,1
Zach Davies,Milwaukee Brewers,19,31,31,0,159.2,34,11,20,3,2,0.912
Mauricio Dubon,Milwaukee Brewers,19,1,0,0,1,0,0,0,0,0,
Jake Faria,Milwaukee Brewers,19,9,0,0,8.2,0,0,0,0,0,
Ben Gamel,Milwaukee Brewers,19,108,65,52,694.2,151,148,2,1,1,0.993
Gio Gonzalez,Milwaukee Brewers,19,19,17,0,87.1,18,5,12,1,0,0.944
Yasmani Grandal,Milwaukee Brewers,19,149,140,115,1238.2,1341,1283,49,9,24,0.993
Trent Grisham,Milwaukee Brewers,19,42,36,21,338.1,70,69,1,0,0,1
Deolis Guerra,Milwaukee Brewers,19,1,0,0,0.2,0,0,0,0,0,
Junior Guerra,Milwaukee Brewers,19,72,0,0,83.2,12,5,7,0,0,1
Josh Hader,Milwaukee Brewers,19,61,0,0,75.2,7,2,5,0,0,1
Donnie Hart,Milwaukee Brewers,19,4,0,0,6.2,1,0,1,0,0,1
Keston Hiura,Milwaukee Brewers,19,81,79,62,679,314,123,175,16,43,0.949
Adrian Houser,Milwaukee Brewers,19,35,18,0,111.1,13,8,4,1,0,0.923
Jay Jackson,Milwaukee Brewers,19,28,0,0,30.1,3,0,3,0,0,1
Jeremy Jeffress,Milwaukee Brewers,19,48,0,0,52,16,7,9,0,0,1
Jordan Lyles,Milwaukee Brewers,19,11,11,0,58.2,6,2,3,1,0,0.833
Mike Moustakas,Milwaukee Brewers,19,139,133,100,1158.1,380,131,237,12,42,0.968
Jimmy Nelson,Milwaukee Brewers,19,10,3,0,22,2,1,0,1,0,0.5
Jacob Nottingham,Milwaukee Brewers,19,7,0,0,11.2,14,13,0,1,0,0.929
Freddy Peralta,Milwaukee Brewers,19,39,8,0,85,8,4,4,0,0,1
Hernan Perez,Milwaukee Brewers,19,86,49,33,508.2,222,100,119,3,28,0.986
Jake Petricka,Milwaukee Brewers,19,6,0,0,8,2,2,0,0,0,1
Manny Pina,Milwaukee Brewers,19,54,38,25,354,371,350,15,6,1,0.984
Drew Pomeranz,Milwaukee Brewers,19,25,1,0,26.1,1,0,1,0,0,1
Tyler Saladino,Milwaukee Brewers,19,23,16,8,151,62,28,33,1,7,0.984
Travis Shaw,Milwaukee Brewers,19,75,58,43,537,160,39,118,3,10,0.981
Burch Smith,Milwaukee Brewers,19,7,0,0,12.2,2,1,1,0,0,1
Cory Spangenberg,Milwaukee Brewers,19,32,24,18,229,88,35,52,1,10,0.989
Brent Suter,Milwaukee Brewers,19,9,0,0,18.1,5,1,3,1,0,0.8
Tyrone Taylor,Milwaukee Brewers,19,11,0,0,23.2,7,7,0,0,0,1
Eric Thames,Milwaukee Brewers,19,113,95,69,843,698,649,46,3,63,0.996
Aaron Wilkerson,Milwaukee Brewers,19,8,0,0,16,2,1,1,0,0,1
Devin Williams,Milwaukee Brewers,19,13,0,0,13.2,0,0,0,0,0,
Taylor Williams,Milwaukee Brewers,19,10,0,0,14.2,7,4,3,0,0,1
Alex Wilson,Milwaukee Brewers,19,13,0,0,11.1,2,0,2,0,0,1
Brandon Woodruff,Milwaukee Brewers,19,22,22,0,121.2,15,7,8,0,1,1
Christian Yelich,Milwaukee Brewers,19,124,125,110,1093,236,225,7,4,2,0.983
Austin Adams,Minnesota Twins,19,2,0,0,2.2,0,0,0,0,0,
Ehire Adrianza,Minnesota Twins,19,78,54,44,518.1,255,135,112,8,31,0.969
Jorge Alcala,Minnesota Twins,19,2,0,0,1.2,0,0,0,0,0,
Luis Arraez,Minnesota Twins,19,85,78,62,716,227,101,121,5,31,0.978
Willians Astudillo,Minnesota Twins,19,55,44,34,409.2,306,266,37,3,11,0.99
Tyler Austin,Minnesota Twins,19,2,1,1,11,14,14,0,0,0,1
Jose Berrios,Minnesota Twins,19,32,32,1,200.1,32,12,19,1,0,0.969
Byron Buxton,Minnesota Twins,19,86,78,73,692,224,217,5,2,2,0.991
Jason Castro,Minnesota Twins,19,78,72,61,631.1,667,637,29,1,2,0.999
Jake Cave,Minnesota Twins,19,68,54,35,503.1,131,125,3,3,1,0.977
C.J. Cron,Minnesota Twins,19,117,110,104,993.1,996,927,61,8,87,0.992
Nelson Cruz,Minnesota Twins,19,114,114,,,,,,,,
Chase De Jong,Minnesota Twins,19,1,0,0,1,0,0,0,0,0,
Randy Dobnak,Minnesota Twins,19,9,5,0,28.1,5,2,2,1,0,0.8
Tyler Duffey,Minnesota Twins,19,58,0,0,57.2,12,3,8,1,0,0.917
Sam Dyson,Minnesota Twins,19,12,0,0,11.1,2,0,2,0,0,1
Ryan Eades,Minnesota Twins,19,2,0,0,3.2,0,0,0,0,0,
Mitch Garver,Minnesota Twins,19,83,73,66,675.2,728,693,29,6,4,0.992
Kyle Gibson,Minnesota Twins,19,34,29,0,160,26,10,14,2,3,0.923
Marwin Gonzalez,Minnesota Twins,19,110,106,82,934.2,359,255,100,4,16,0.989
Brusdar Graterol,Minnesota Twins,19,10,0,0,9.2,3,1,2,0,0,1
Ryne Harper,Minnesota Twins,19,61,0,0,54.1,6,3,3,0,0,1
Trevor Hildenberger,Minnesota Twins,19,22,0,0,16.1,4,2,2,0,0,1
Max Kepler,Minnesota Twins,19,130,125,99,1111,281,277,4,0,2,1
Ryan LaMarre,Minnesota Twins,19,13,7,3,61,12,12,0,0,0,1
Zack Littell,Minnesota Twins,19,29,0,0,37,4,1,3,0,0,1
Matt Magill,Minnesota Twins,19,28,0,0,28.1,3,0,3,0,0,1
Trevor May,Minnesota Twins,19,65,0,0,64.1,5,2,2,1,0,0.8
Adalberto Mejia,Minnesota Twins,19,13,0,0,15.1,1,0,1,0,0,1
Ian Miller,Minnesota Twins,19,12,3,3,47.1,23,22,1,0,0,1
Mike Morin,Minnesota Twins,19,23,0,0,22.2,6,2,3,1,0,0.833
Jake Odorizzi,Minnesota Twins,19,30,30,0,159,16,7,9,0,0,1
Blake Parker,Minnesota Twins,19,37,0,0,36.1,6,2,4,0,1,1
Martin Perez,Minnesota Twins,19,32,29,0,165.1,30,9,19,2,0,0.933
Michael Pineda,Minnesota Twins,19,26,26,0,146,11,5,6,0,0,1
Jorge Polanco,Minnesota Twins,19,142,139,126,1233,506,141,343,22,57,0.957
Sean Poppen,Minnesota Twins,19,4,0,0,8.1,0,0,0,0,0,
Taylor Rogers,Minnesota Twins,19,60,0,0,69,15,5,9,1,1,0.933
Fernando Romero,Minnesota Twins,19,15,0,0,14,2,1,1,0,0,1
Sergio Romo,Minnesota Twins,19,27,0,0,22.2,1,0,1,0,0,1
Eddie Rosario,Minnesota Twins,19,132,129,116,1146,221,208,8,5,1,0.977
Miguel Sano,Minnesota Twins,19,98,94,86,859,275,92,164,19,19,0.931
Jonathan Schoop,Minnesota Twins,19,113,110,101,983.1,434,166,254,14,62,0.968
Devin Smeltzer,Minnesota Twins,19,11,6,0,49,3,0,3,0,0,1
Cody Stashak,Minnesota Twins,19,18,1,0,25,2,0,2,0,1,1
Kohl Stewart,Minnesota Twins,19,9,2,0,25.1,4,1,3,0,0,1
Lewis Thorpe,Minnesota Twins,19,12,2,0,27.2,2,0,2,0,0,1
Ronald Torreyes,Minnesota Twins,19,7,4,2,38.1,17,7,9,1,1,0.941
Andrew Vasquez,Minnesota Twins,19,1,0,0,0,0,0,0,0,0,
LaMonte Wade Jr,Minnesota Twins,19,25,15,6,143.1,29,27,2,0,1,1
Pete Alonso,New York Mets,19,156,152,123,1328,1202,1078,112,12,108,0.99
Aaron Altherr,New York Mets,19,20,5,3,78,21,21,0,0,0,1
Luis Avilan,New York Mets,19,45,0,0,32,7,4,3,0,0,1
Tyler Bashlor,New York Mets,19,24,0,0,22,0,0,0,0,0,
Brad Brach,New York Mets,19,16,0,0,14.2,1,1,0,0,0,1
Keon Broxton,New York Mets,19,28,10,2,111,37,37,0,0,0,1
Robinson Cano,New York Mets,19,99,98,73,804.1,358,164,189,5,51,0.986
Michael Conforto,New York Mets,19,149,143,113,1280.1,308,297,8,3,1,0.99
Travis d'Arnaud,New York Mets,19,9,5,4,48,47,43,3,1,0,0.979
J.D. Davis,New York Mets,19,109,98,42,805.1,170,104,59,7,6,0.959
Rajai Davis,New York Mets,19,14,1,1,32,6,6,0,0,0,1
Jacob deGrom,New York Mets,19,32,32,0,204,42,24,17,1,0,0.976
Edwin Diaz,New York Mets,19,66,0,0,58,5,2,3,0,0,1
Jeurys Familia,New York Mets,19,66,0,0,60,8,3,5,0,1,1
Chris Flexen,New York Mets,19,9,1,0,13.2,1,0,1,0,0,1
Wilmer Font,New York Mets,19,15,3,0,31,4,3,1,0,1,1
Todd Frazier,New York Mets,19,121,114,99,1012.1,347,106,229,12,24,0.965
Drew Gagnon,New York Mets,19,18,0,0,23.2,4,3,1,0,0,1
Carlos Gomez,New York Mets,19,30,23,9,210.2,61,58,2,1,0,0.984
Robert Gsellman,New York Mets,19,52,0,0,63.2,11,2,9,0,2,1
Luis Guillorme,New York Mets,19,20,8,6,102.2,48,19,28,1,12,0.979
Sam Haggerty,New York Mets,19,2,0,0,5,0,0,0,0,0,
Donnie Hart,New York Mets,19,1,0,0,1,0,0,0,0,0,
Adeiny Hechavarria,New York Mets,19,47,29,25,313.1,148,56,87,5,20,0.966
Juan Lagares,New York Mets,19,125,67,52,703.2,173,169,1,3,1,0.983
Walker Lockett,New York Mets,19,9,4,0,22.2,4,1,3,0,0,1
Seth Lugo,New York Mets,19,61,0,0,80,18,12,6,0,0,1
Steven Matz,New York Mets,19,32,30,1,160.1,27,5,22,0,2,1
Chris Mazza,New York Mets,19,9,0,0,16.1,3,1,2,0,0,1
Jeff McNeil,New York Mets,19,130,123,61,1070,260,170,83,7,18,0.973
Tomas Nido,New York Mets,19,48,38,28,341.2,392,376,13,3,2,0.992
Brandon Nimmo,New York Mets,19,66,56,17,481,129,128,0,1,0,0.992
Stephen Nogosek,New York Mets,19,7,0,0,6.2,1,1,0,0,0,1
Ryan O'Rourke,New York Mets,19,2,0,0,1.1,0,0,0,0,0,
Corey Oswalt,New York Mets,19,2,0,0,6.2,0,0,0,0,0,
Joe Panik,New York Mets,19,28,19,13,184,70,24,44,2,11,0.971
Tim Peterson,New York Mets,19,6,0,0,7.1,0,0,0,0,0,
Brooks Pounders,New York Mets,19,7,0,0,7.1,2,0,2,0,0,1
Wilson Ramos,New York Mets,19,124,113,99,1016.1,1108,1051,50,7,5,0.994
Jacob Rhame,New York Mets,19,5,0,0,6.1,2,0,2,0,0,1
Rene Rivera,New York Mets,19,8,6,4,55,66,65,1,0,0,1
Amed Rosario,New York Mets,19,152,151,138,1340.1,549,162,370,17,72,0.969
Hector Santiago,New York Mets,19,8,0,0,8,0,0,0,0,0,
Paul Sewald,New York Mets,19,17,0,0,19.2,1,1,0,0,0,1
Dominic Smith,New York Mets,19,62,35,17,341,154,141,10,3,12,0.981
Marcus Stroman,New York Mets,19,11,11,0,59.2,21,10,10,1,1,0.952
Noah Syndergaard,New York Mets,19,32,32,1,197.2,39,14,21,4,4,0.897
Ruben Tejada,New York Mets,19,6,2,1,24,9,4,5,0,1,1
Jason Vargas,New York Mets,19,19,18,1,94.1,11,2,8,1,1,0.909
Zack Wheeler,New York Mets,19,31,31,0,195.1,35,13,20,2,0,0.943
Justin Wilson,New York Mets,19,45,0,0,39,7,2,5,0,0,1
Daniel Zamora,New York Mets,19,17,0,0,8.2,0,0,0,0,0,
Chance Adams,New York Yankees,19,13,0,0,25.1,2,0,2,0,0,1
Miguel Andujar,New York Yankees,19,4,4,3,33,10,0,7,3,0,0.7
Jake Barrett,New York Yankees,19,2,0,0,3.2,0,0,0,0,0,
Dellin Betances,New York Yankees,19,1,0,0,0.2,0,0,0,0,0,
Greg Bird,New York Yankees,19,10,10,10,85.1,85,83,2,0,6,1
Zack Britton,New York Yankees,19,66,0,0,61.1,11,1,10,0,0,1
Luis Cessa,New York Yankees,19,43,0,0,81,11,2,9,0,1,1
Aroldis Chapman,New York Yankees,19,60,0,0,57,6,1,3,2,0,0.667
Nestor Cortes Jr.,New York Yankees,19,33,1,0,66.2,7,1,5,1,2,0.857
Ryan Dull,New York Yankees,19,3,0,0,2.1,1,1,0,0,0,1
Edwin Encarnacion,New York Yankees,19,12,12,12,104.2,90,88,2,0,6,1
Thairo Estrada,New York Yankees,19,28,16,11,164,64,33,30,1,7,0.984
Mike Ford,New York Yankees,19,30,24,18,219,204,191,10,3,22,0.985
Clint Frazier,New York Yankees,19,53,45,34,395.1,80,71,6,3,1,0.963
Brett Gardner,New York Yankees,19,140,131,121,1168.1,284,280,3,1,0,0.996
Cory Gearrin,New York Yankees,19,18,0,0,14,0,0,0,0,0,
Domingo German,New York Yankees,19,27,24,0,143,18,4,12,2,0,0.889
Chad Green,New York Yankees,19,54,15,0,69,1,0,1,0,0,1
Didi Gregorius,New York Yankees,19,80,78,75,688.1,280,93,181,6,48,0.979
David Hale,New York Yankees,19,20,0,0,37.2,13,5,8,0,0,1
J.A. Happ,New York Yankees,19,31,30,0,161.1,15,2,12,1,0,0.933
Joe Harvey,New York Yankees,19,9,0,0,10,1,0,1,0,0,1
Ben Heller,New York Yankees,19,6,0,0,7.1,0,0,0,0,0,
Aaron Hicks,New York Yankees,19,58,55,53,499.1,116,115,0,1,0,0.991
Kyle Higashioka,New York Yankees,19,18,14,13,137,154,146,8,0,2,1
Jonathan Holder,New York Yankees,19,34,1,0,41.1,5,2,3,0,1,1
Aaron Judge,New York Yankees,19,92,90,80,775.1,184,177,7,0,0,1
Tommy Kahnle,New York Yankees,19,72,0,0,61.1,11,4,7,0,1,1
Mike King,New York Yankees,19,1,0,0,2,1,0,0,1,0,0
Brady Lail,New York Yankees,19,1,0,0,2.2,1,0,1,0,0,1
DJ LeMahieu,New York Yankees,19,144,141,112,1241.2,620,351,261,8,63,0.987
Jonathan Loaisiga,New York Yankees,19,15,4,0,31.2,3,1,2,0,1,1
Tyler Lyons,New York Yankees,19,11,0,0,8.2,3,2,1,0,1,1
Joe Mantiply,New York Yankees,19,1,0,0,3,3,2,1,0,0,1
Cameron Maybin,New York Yankees,19,77,63,51,588.1,125,121,2,2,0,0.984
Jordan Montgomery,New York Yankees,19,2,1,0,4,0,0,0,0,0,
Kendrys Morales,New York Yankees,19,7,7,6,62.2,58,56,1,1,4,0.983
Adam Ottavino,New York Yankees,19,73,0,0,66.1,7,3,3,1,1,0.857
James Paxton,New York Yankees,19,29,29,0,150.2,12,2,10,0,0,1
Austin Romine,New York Yankees,19,71,62,56,564.1,638,610,26,2,4,0.997
Adonis Rosa,New York Yankees,19,1,0,0,2,1,1,0,0,0,1
CC Sabathia,New York Yankees,19,23,22,0,107.1,5,0,3,2,1,0.6
Gary Sanchez,New York Yankees,19,90,86,77,742.2,840,793,32,15,5,0.982
Luis Severino,New York Yankees,19,3,3,0,12,3,0,2,1,0,0.667
Giancarlo Stanton,New York Yankees,19,13,13,5,95,16,15,0,1,0,0.938
Masahiro Tanaka,New York Yankees,19,32,31,1,182,29,9,18,2,3,0.931
Stephen Tarpley,New York Yankees,19,21,1,0,24.2,4,2,2,0,1,1
Mike Tauchman,New York Yankees,19,86,77,65,694.1,160,156,3,1,1,0.994
Gleyber Torres,New York Yankees,19,139,137,129,1207,551,204,327,20,88,0.964
Troy Tulowitzki,New York Yankees,19,4,4,3,30,10,3,7,0,0,1
Gio Urshela,New York Yankees,19,124,109,101,984.1,294,69,212,13,21,0.956
Breyvic Valera,New York Yankees,19,12,9,9,89,35,7,28,0,5,1
Luke Voit,New York Yankees,19,83,81,73,706.1,610,575,28,7,60,0.989
Tyler Wade,New York Yankees,19,40,28,14,271.2,96,47,48,1,10,0.99
Brett Anderson,Oakland Athletics,19,31,31,0,176,33,5,25,3,1,0.909
Tanner Anderson,Oakland Athletics,19,5,5,0,22.1,6,3,3,0,0,1
Homer Bailey,Oakland Athletics,19,13,13,0,73.1,13,7,6,0,0,1
Franklin Barreto,Oakland Athletics,19,21,14,11,146.2,71,20,46,5,8,0.93
Chris Bassitt,Oakland Athletics,19,28,25,0,144,19,5,14,0,3,1
Paul Blackburn,Oakland Athletics,19,4,1,0,11,5,1,4,0,0,1
Skye Bolt,Oakland Athletics,19,4,2,2,22,10,10,0,0,0,1
Aaron Brooks,Oakland Athletics,19,15,6,0,50.1,7,3,4,0,2,1
Seth Brown,Oakland Athletics,19,25,17,12,171,48,44,4,0,4,1
Ryan Buchter,Oakland Athletics,19,64,0,0,45.1,10,3,6,1,0,0.9
Mark Canha,Oakland Athletics,19,103,99,82,874,287,280,5,2,6,0.993
Matt Chapman,Oakland Athletics,19,156,152,139,1336,466,146,311,9,27,0.981
Khris Davis,Oakland Athletics,19,4,4,1,24,3,3,0,0,0,1
Jake Diekman,Oakland Athletics,19,28,0,0,20.1,4,1,3,0,1,1
Ryan Dull,Oakland Athletics,19,7,0,0,9,2,0,2,0,0,1
Marco Estrada,Oakland Athletics,19,5,5,0,23.2,1,0,1,0,0,1
Mike Fiers,Oakland Athletics,19,33,33,1,184.2,26,8,16,2,1,0.923
Dustin Garneau,Oakland Athletics,19,7,5,5,45,37,33,4,0,0,1
Robbie Grossman,Oakland Athletics,19,129,103,89,976.1,228,226,2,0,0,1
Liam Hendriks,Oakland Athletics,19,75,2,0,85,12,6,6,0,0,1
Chris Herrmann,Oakland Athletics,19,28,23,17,209,193,187,4,2,0,0.99
Nick Hundley,Oakland Athletics,19,30,23,13,195.1,179,167,12,0,0,1
Corban Joseph,Oakland Athletics,19,10,9,9,88,29,12,16,1,5,0.966
Ramon Laureano,Oakland Athletics,19,122,115,110,1041,302,285,10,7,2,0.977
Jesus Luzardo,Oakland Athletics,19,6,0,0,12,1,0,1,0,0,1
Sean Manaea,Oakland Athletics,19,5,5,0,29.2,5,3,2,0,0,1
Nick Martini,Oakland Athletics,19,3,1,1,15,5,5,0,0,0,1
Daniel Mengden,Oakland Athletics,19,13,9,0,59.2,6,2,4,0,0,1
Frankie Montas,Oakland Athletics,19,16,16,0,96,8,2,3,3,0,0.625
Kendrys Morales,Oakland Athletics,19,26,23,22,208.2,180,165,13,2,10,0.989
Sean Murphy,Oakland Athletics,19,18,13,12,130.2,156,151,4,1,0,0.994
Sheldon Neuse,Oakland Athletics,19,24,15,10,143,58,26,31,1,8,0.983
Matt Olson,Oakland Athletics,19,127,125,119,1120.2,1121,1023,90,8,95,0.993
Yusmeiro Petit,Oakland Athletics,19,80,0,0,83,17,13,4,0,1,1
Josh Phegley,Oakland Athletics,19,106,90,77,824,752,704,46,2,3,0.997
Chad Pinder,Oakland Athletics,19,110,82,48,773.2,235,176,54,5,11,0.979
Stephen Piscotty,Oakland Athletics,19,90,90,81,795,170,168,2,0,0,1
Jurickson Profar,Oakland Athletics,19,130,121,103,1079,494,235,246,13,65,0.974
A.J. Puk,Oakland Athletics,19,10,0,0,11.1,1,0,1,0,0,1
Tanner Roark,Oakland Athletics,19,10,10,0,55,5,1,4,0,0,1
Fernando Rodney,Oakland Athletics,19,17,0,0,14.1,2,1,1,0,1,1
Brian Schlitter,Oakland Athletics,19,6,0,0,9.2,1,0,1,0,0,1
Marcus Semien,Oakland Athletics,19,161,162,154,1435,634,186,436,12,85,0.981
Joakim Soria,Oakland Athletics,19,71,1,0,69,10,5,5,0,0,1
Beau Taylor,Oakland Athletics,19,9,8,6,69,66,63,3,0,0,1
Blake Treinen,Oakland Athletics,19,57,0,0,58.2,5,4,1,0,0,1
Lou Trivino,Oakland Athletics,19,61,0,0,60,11,7,3,1,1,0.909
Wei-Chung Wang,Oakland Athletics,19,20,0,0,27,3,0,3,0,0,1
J.B. Wendelken,Oakland Athletics,19,27,0,0,32.2,3,1,2,0,0,1
Aaron Altherr,Philadelphia Phillies,19,12,3,0,50.1,16,15,0,1,0,0.938
Jose Alvarez,Philadelphia Phillies,19,67,1,0,59,18,5,13,0,0,1
Drew Anderson,Philadelphia Phillies,19,2,0,0,6,1,0,1,0,0,1
Victor Arano,Philadelphia Phillies,19,3,0,0,4.2,0,0,0,0,0,
Jake Arrieta,Philadelphia Phillies,19,24,24,0,135.2,42,13,26,3,3,0.929
Jay Bruce,Philadelphia Phillies,19,31,30,23,251.2,59,55,4,0,1,1
Austin Davis,Philadelphia Phillies,19,14,0,0,20.2,3,1,2,0,0,1
Enyel De Los Santos,Philadelphia Phillies,19,5,1,0,11,0,0,0,0,0,
Corey Dickerson,Philadelphia Phillies,19,32,30,27,262.2,53,53,0,0,0,1
Seranthony Dominguez,Philadelphia Phillies,19,27,0,0,24.2,7,2,5,0,0,1
Zach Eflin,Philadelphia Phillies,19,32,28,2,163.1,34,13,20,1,2,0.971
Jerad Eickhoff,Philadelphia Phillies,19,12,10,0,58.1,10,3,7,0,0,1
Maikel Franco,Philadelphia Phillies,19,111,100,95,927,266,63,195,8,11,0.97
Edgar Garcia,Philadelphia Phillies,19,37,0,0,39,3,2,1,0,0,1
Phil Gosselin,Philadelphia Phillies,19,11,7,5,76.2,21,11,9,1,2,0.952
Deivy Grullon,Philadelphia Phillies,19,2,2,2,17,21,21,0,0,0,1
J.D. Hammer,Philadelphia Phillies,19,20,0,0,19,2,0,2,0,0,1
Bryce Harper,Philadelphia Phillies,19,152,152,137,1318,302,284,13,5,1,0.983
Adam Haseley,Philadelphia Phillies,19,65,59,44,541,131,126,4,1,2,0.992
Cesar Hernandez,Philadelphia Phillies,19,157,155,149,1376.2,637,271,354,12,96,0.981
Odubel Herrera,Philadelphia Phillies,19,37,32,27,286.2,75,75,0,0,0,1
Rhys Hoskins,Philadelphia Phillies,19,158,157,152,1398.1,1324,1193,122,9,111,0.993
Jared Hughes,Philadelphia Phillies,19,25,0,0,23,4,2,2,0,0,1
Tommy Hunter,Philadelphia Phillies,19,5,0,0,5.1,2,2,0,0,0,1
Cole Irvin,Philadelphia Phillies,19,16,3,0,41.2,9,5,2,2,0,0.778
Scott Kingery,Philadelphia Phillies,19,120,115,83,1012,347,200,138,9,29,0.974
Andrew Knapp,Philadelphia Phillies,19,44,30,27,305.1,349,319,27,3,4,0.991
Andrew McCutchen,Philadelphia Phillies,19,57,58,41,495.2,110,106,2,2,0,0.982
Brad Miller,Philadelphia Phillies,19,37,26,12,213.2,57,25,30,2,1,0.965
Adam Morgan,Philadelphia Phillies,19,40,0,0,29.2,3,1,2,0,0,1
Mike Morin,Philadelphia Phillies,19,29,0,0,28,4,2,2,0,0,1
Logan Morrison,Philadelphia Phillies,19,3,2,1,22,14,14,0,0,2,1
Hector Neris,Philadelphia Phillies,19,68,0,0,67.2,12,6,6,0,0,1
Pat Neshek,Philadelphia Phillies,19,20,0,0,18,6,1,5,0,1,1
Juan Nicasio,Philadelphia Phillies,19,47,0,0,47.1,12,4,7,1,0,0.917
Aaron Nola,Philadelphia Phillies,19,34,34,0,202.1,36,9,27,0,3,1
Blake Parker,Philadelphia Phillies,19,23,2,0,25,3,2,1,0,0,1
Jose Pirela,Philadelphia Phillies,19,5,3,1,27.2,4,4,0,0,0,1
Nick Pivetta,Philadelphia Phillies,19,30,13,1,93.2,16,9,7,0,0,1
Roman Quinn,Philadelphia Phillies,19,35,23,19,238.2,63,58,4,1,1,0.984
Edubray Ramos,Philadelphia Phillies,19,20,0,0,15,1,0,1,0,0,1
J.T. Realmuto,Philadelphia Phillies,19,135,132,119,1160.1,1193,1115,69,9,16,0.992
Yacksel Rios,Philadelphia Phillies,19,4,0,0,2.2,2,1,0,1,0,0.5
David Robertson,Philadelphia Phillies,19,7,0,0,6.2,1,1,0,0,0,1
Sean Rodriguez,Philadelphia Phillies,19,54,24,14,269,94,40,54,0,8,1
Fernando Salas,Philadelphia Phillies,19,3,0,0,2.2,0,0,0,0,0,
Jean Segura,Philadelphia Phillies,19,142,141,129,1212.2,546,175,351,20,83,0.963
Drew Smyly,Philadelphia Phillies,19,12,12,0,62.2,7,1,6,0,0,1
Ranger Suarez,Philadelphia Phillies,19,37,0,0,48.2,13,5,8,0,0,1
Jason Vargas,Philadelphia Phillies,19,11,11,0,55.1,13,2,9,2,0,0.846
Vince Velasquez,Philadelphia Phillies,19,34,23,0,119.1,32,15,13,4,4,0.875
Nick Vincent,Philadelphia Phillies,19,14,0,0,14,0,0,0,0,0,
Nick Williams,Philadelphia Phillies,19,28,15,12,170,32,31,1,0,0,1
Dario Agrazal,Pittsburgh Pirates,19,15,14,0,73.1,12,5,6,1,1,0.917
Chris Archer,Pittsburgh Pirates,19,23,23,0,119.2,22,7,14,1,0,0.955
Steven Baron,Pittsburgh Pirates,19,5,2,1,17.2,14,12,0,2,0,0.857
Josh Bell,Pittsburgh Pirates,19,134,133,124,1160.2,1090,981,96,13,91,0.988
Steven Brault,Pittsburgh Pirates,19,25,19,0,113.1,26,8,18,0,3,1
Nick Burdi,Pittsburgh Pirates,19,11,0,0,8.2,0,0,0,0,0,
Melky Cabrera,Pittsburgh Pirates,19,97,80,51,682.2,119,113,5,1,1,0.992
Francisco Cervelli,Pittsburgh Pirates,19,32,32,25,254,278,259,17,2,3,0.993
Kyle Crick,Pittsburgh Pirates,19,52,0,0,49,10,3,6,1,1,0.9
Rookie Davis,Pittsburgh Pirates,19,5,1,0,10.2,2,1,1,0,0,1
Elias Diaz,Pittsburgh Pirates,19,96,75,69,706.2,753,694,47,12,5,0.984
Corey Dickerson,Pittsburgh Pirates,19,33,32,25,261.2,59,57,0,2,0,0.966
Montana DuRapau,Pittsburgh Pirates,19,14,2,0,17.1,3,2,1,0,0,1
Jake Elmore,Pittsburgh Pirates,19,12,8,6,86.1,16,12,3,1,0,0.938
Luis Escobar,Pittsburgh Pirates,19,4,0,0,5.2,2,0,2,0,0,1
Michael Feliz,Pittsburgh Pirates,19,58,1,0,56.1,9,3,4,2,0,0.778
Adam Frazier,Pittsburgh Pirates,19,142,133,122,1180.2,555,222,327,6,78,0.989
Erik Gonzalez,Pittsburgh Pirates,19,46,38,32,359.2,133,30,97,6,19,0.955
Geoff Hartlieb,Pittsburgh Pirates,19,29,0,0,35,7,2,5,0,0,1
Clay Holmes,Pittsburgh Pirates,19,35,0,0,50,19,4,14,1,1,0.947
Williams Jerez,Pittsburgh Pirates,19,6,0,0,3.2,1,0,1,0,0,1
Corban Joseph,Pittsburgh Pirates,19,2,0,0,5.1,2,2,0,0,0,1
Jung Ho Kang,Pittsburgh Pirates,19,57,39,26,365.1,129,36,84,9,13,0.93
Keone Kela,Pittsburgh Pirates,19,32,0,0,29.2,3,1,2,0,0,1
Mitch Keller,Pittsburgh Pirates,19,11,11,0,48,5,3,1,1,0,0.8
Nick Kingham,Pittsburgh Pirates,19,14,4,0,34.2,10,6,3,1,0,0.9
Kevin Kramer,Pittsburgh Pirates,19,17,11,7,98.2,15,13,2,0,1,1
Francisco Liriano,Pittsburgh Pirates,19,69,0,0,70,15,2,13,0,0,1
Jordan Lyles,Pittsburgh Pirates,19,17,17,0,82.1,14,4,8,2,1,0.857
Tyler Lyons,Pittsburgh Pirates,19,3,0,0,4,1,0,1,0,1,1
Parker Markel,Pittsburgh Pirates,19,15,0,0,17.1,1,1,0,0,0,1
Starling Marte,Pittsburgh Pirates,19,130,128,125,1141.1,310,297,8,5,2,0.984
Jason Martin,Pittsburgh Pirates,19,15,9,8,90.2,25,24,0,1,0,0.96
James Marvel,Pittsburgh Pirates,19,4,4,0,17.1,4,1,3,0,0,1
Alex McRae,Pittsburgh Pirates,19,11,2,0,26.2,5,3,2,0,0,1
Colin Moran,Pittsburgh Pirates,19,133,118,84,1005.2,293,106,173,14,26,0.952
Joe Musgrove,Pittsburgh Pirates,19,32,31,0,170.1,58,30,24,4,0,0.931
Dovydas Neverauskas,Pittsburgh Pirates,19,10,0,0,9.1,2,1,1,0,0,1
Kevin Newman,Pittsburgh Pirates,19,120,116,90,1022.2,462,161,289,12,55,0.974
Jose Osuna,Pittsburgh Pirates,19,71,58,44,522.2,303,262,36,5,27,0.983
Gregory Polanco,Pittsburgh Pirates,19,36,35,33,311,75,74,0,1,0,0.987
Yefry Ramirez,Pittsburgh Pirates,19,9,0,0,14,5,2,2,1,0,0.8
Pablo Reyes,Pittsburgh Pirates,19,53,28,18,300,63,44,17,2,1,0.968
Bryan Reynolds,Pittsburgh Pirates,19,129,122,105,1055,245,237,4,4,0,0.984
Yacksel Rios,Pittsburgh Pirates,19,10,0,0,10.1,1,0,1,0,0,1
Felipe Vazquez,Pittsburgh Pirates,19,56,0,0,60,5,0,5,0,0,1
Richard Rodriguez,Pittsburgh Pirates,19,72,0,0,65.1,4,0,4,0,0,1
JB Shuck,Pittsburgh Pirates,19,18,10,8,113,24,24,0,0,0,1
Jacob Stallings,Pittsburgh Pirates,19,62,53,35,464.1,539,510,24,5,1,0.991
Chris Stratton,Pittsburgh Pirates,19,28,0,0,46.2,15,4,11,0,1,1
Jameson Taillon,Pittsburgh Pirates,19,7,7,1,37.1,3,1,2,0,0,1
Cole Tucker,Pittsburgh Pirates,19,45,36,29,318.2,139,45,92,2,20,0.986
Wei-Chung Wang,Pittsburgh Pirates,19,5,0,0,4,2,0,2,0,0,1
Trevor Williams,Pittsburgh Pirates,19,26,26,0,145.2,27,11,15,1,2,0.963
Austin Allen,San Diego Padres,19,21,14,13,133,143,131,11,1,3,0.993
Logan Allen,San Diego Padres,19,8,4,0,25.1,8,1,7,0,1,1
Pedro Avila,San Diego Padres,19,1,1,0,5.1,1,1,0,0,0,1
Michel B?ez,San Diego Padres,19,24,1,0,29.2,7,4,3,0,0,1
David Bednar,San Diego Padres,19,13,0,0,11,2,1,1,0,1,1
Ronald Bolanos,San Diego Padres,19,5,3,0,19.2,2,2,0,0,0,1
Jose Castillo,San Diego Padres,19,1,0,0,0.2,0,0,0,0,0,
Franchy Cordero,San Diego Padres,19,7,4,0,40,8,8,0,0,0,1
Miguel Diaz,San Diego Padres,19,5,0,0,6.1,0,0,0,0,0,
Alex Dickerson,San Diego Padres,19,6,3,0,27.2,8,8,0,0,0,1
Carl Edwards Jr.,San Diego Padres,19,2,0,0,1.2,0,0,0,0,0,
Robbie Erlin,San Diego Padres,19,37,1,0,55.1,13,4,8,1,0,0.923
Ty France,San Diego Padres,19,55,45,34,401.2,124,23,99,2,8,0.984
Greg Garcia,San Diego Padres,19,95,73,56,666.1,284,115,164,5,34,0.982
Javy Guerra,San Diego Padres,19,8,0,0,8.2,3,1,2,0,0,1
Austin Hedges,San Diego Padres,19,96,93,79,816,904,858,35,11,3,0.988
Eric Hosmer,San Diego Padres,19,157,155,148,1356,1248,1128,106,14,82,0.989
Travis Jankowski,San Diego Padres,19,11,2,1,39.2,9,8,1,0,0,1
Ian Kinsler,San Diego Padres,19,73,63,58,564,256,96,155,5,36,0.98
Dinelson Lamet,San Diego Padres,19,14,14,0,73,10,6,4,0,0,1
Eric Lauer,San Diego Padres,19,30,29,0,149.2,29,11,15,3,1,0.897
Aaron Loup,San Diego Padres,19,4,0,0,3.1,2,0,2,0,0,1
Joey Lucchesi,San Diego Padres,19,30,30,0,163.2,23,4,17,2,0,0.913
Manny Machado,San Diego Padres,19,154,154,143,1339,387,119,254,14,29,0.964
Nick Margevicius,San Diego Padres,19,17,12,0,57,9,3,6,0,0,1
Manuel Margot,San Diego Padres,19,135,98,84,943.1,253,249,2,2,0,0.992
Nick Martini,San Diego Padres,19,23,21,11,170,43,42,1,0,1,1
Phil Maton,San Diego Padres,19,21,0,0,24.1,8,5,2,1,0,0.875
Francisco Mejia,San Diego Padres,19,64,55,52,482,488,462,24,2,1,0.996
Seth Mejias-Brean,San Diego Padres,19,8,6,4,61,31,20,10,1,3,0.968
Adri?n Morej?n,San Diego Padres,19,5,2,0,8,3,1,2,0,0,1
Andres Munoz,San Diego Padres,19,22,0,0,23,1,0,1,0,1,1
Wil Myers,San Diego Padres,19,139,106,59,989,279,269,5,5,4,0.982
Josh Naylor,San Diego Padres,19,62,59,32,457.2,94,84,4,6,1,0.936
Chris Paddack,San Diego Padres,19,26,26,0,140.2,24,8,14,2,0,0.917
Luis Perdomo,San Diego Padres,19,47,1,0,72,16,6,10,0,0,1
Jose Pirela,San Diego Padres,19,1,1,1,9,1,1,0,0,0,1
Cal Quantrill,San Diego Padres,19,23,18,0,103,17,8,8,1,0,0.941
Hunter Renfroe,San Diego Padres,19,127,111,77,998,236,221,13,2,3,0.992
Franmil Reyes,San Diego Padres,19,83,83,48,644.2,168,160,3,5,1,0.97
Gerardo Reyes,San Diego Padres,19,27,0,0,26,4,2,2,0,0,1
Garrett Richards,San Diego Padres,19,3,3,0,8.2,1,0,1,0,0,1
Craig Stammen,San Diego Padres,19,76,0,0,82,23,6,16,1,1,0.957
Robert Stock,San Diego Padres,19,10,0,0,10.2,1,0,1,0,0,1
Matt Strahm,San Diego Padres,19,46,16,0,114.2,20,9,11,0,0,1
Fernando Tatis Jr.,San Diego Padres,19,83,82,79,731.1,323,90,215,18,36,0.944
Luis Torrens,San Diego Padres,19,4,3,3,28,33,32,1,0,0,1
Luis Urias,San Diego Padres,19,67,65,59,561.2,218,77,131,10,22,0.954
Adam Warren,San Diego Padres,19,25,0,0,28.2,8,4,4,0,0,1
Brad Wieck,San Diego Padres,19,30,0,0,24.2,1,0,1,0,0,1
Trey Wingenter,San Diego Padres,19,51,1,0,51,4,0,3,1,1,0.75
Matt Wisler,San Diego Padres,19,21,0,0,29,5,1,3,1,0,0.8
Eric Yardley,San Diego Padres,19,10,0,0,11.2,4,1,3,0,0,1
Kirby Yates,San Diego Padres,19,60,0,0,60.2,11,6,5,0,1,1
Fernando Abad,San Francisco Giants,19,21,0,0,13,0,0,0,0,0,
Cristhian Adames,San Francisco Giants,19,7,5,5,46,15,7,8,0,2,1
Shaun Anderson,San Francisco Giants,19,28,16,0,96,26,10,14,2,2,0.923
Tyler Austin,San Francisco Giants,19,36,28,10,216,87,79,7,1,4,0.989
Abiatal Avelino,San Francisco Giants,19,2,2,1,14,6,3,3,0,1,1
Kyle Barraclough,San Francisco Giants,19,10,0,0,8,4,1,2,1,0,0.75
Tyler Beede,San Francisco Giants,19,24,22,0,117,18,6,11,1,3,0.944
Brandon Belt,San Francisco Giants,19,151,134,113,1238.1,1140,1032,101,7,108,0.994
Travis Bergen,San Francisco Giants,19,21,0,0,19.2,2,1,1,0,0,1
Ty Blach,San Francisco Giants,19,2,0,0,6.1,1,1,0,0,0,1
Ray Black,San Francisco Giants,19,2,0,0,2,1,1,0,0,0,1
Madison Bumgarner,San Francisco Giants,19,34,34,0,207.2,22,2,19,1,1,0.955
Sam Coonrod,San Francisco Giants,19,33,0,0,27.2,7,3,4,0,1,1
Brandon Crawford,San Francisco Giants,19,142,137,129,1233,572,190,366,16,81,0.972
Johnny Cueto,San Francisco Giants,19,4,4,0,16,4,1,3,0,0,1
Jaylin Davis,San Francisco Giants,19,15,12,9,101.1,24,24,0,0,0,1
Alex Dickerson,San Francisco Giants,19,45,33,25,317.2,58,58,0,0,0,1
Mauricio Dubon,San Francisco Giants,19,28,28,22,251.2,137,51,82,4,18,0.971
Steven Duggar,San Francisco Giants,19,72,67,61,600,161,155,3,3,2,0.981
Sam Dyson,San Francisco Giants,19,49,0,0,51,12,7,5,0,1,1
Enderson Franco,San Francisco Giants,19,5,0,0,5.1,1,1,0,0,0,1
Aramis Garcia,San Francisco Giants,19,16,12,7,105.2,122,113,9,0,5,1
Scooter Gennett,San Francisco Giants,19,17,16,13,133.2,70,31,38,1,11,0.986
Mike Gerber,San Francisco Giants,19,10,5,3,47.1,6,5,1,0,0,1
Trevor Gott,San Francisco Giants,19,50,0,0,52.2,7,2,5,0,0,1
Zach Green,San Francisco Giants,19,5,4,1,36,6,2,4,0,2,1
Jandel Gustave,San Francisco Giants,19,23,0,0,24.1,3,0,3,0,0,1
Derek Holland,San Francisco Giants,19,31,7,1,68.2,18,4,14,0,0,1
Williams Jerez,San Francisco Giants,19,6,0,0,6.2,2,1,1,0,0,1
Connor Joe,San Francisco Giants,19,5,5,2,33,8,7,1,0,1,1
Corban Joseph,San Francisco Giants,19,5,3,3,31.1,14,4,9,1,1,0.929
Erik Kratz,San Francisco Giants,19,11,9,7,88,112,101,7,4,0,0.964
Evan Longoria,San Francisco Giants,19,119,117,109,1041,317,69,233,15,27,0.953
Mark Melancon,San Francisco Giants,19,43,0,0,46.1,12,6,6,0,3,1
Conner Menez,San Francisco Giants,19,8,3,0,17,3,2,1,0,0,1
Reyes Moronta,San Francisco Giants,19,55,0,0,56.2,2,1,1,0,0,1
Joe Panik,San Francisco Giants,19,90,85,80,771.1,375,155,217,3,48,0.992
Gerardo Parra,San Francisco Giants,19,29,23,20,216,58,53,4,1,1,0.983
Wandy Peralta,San Francisco Giants,19,8,0,0,5.2,2,1,1,0,0,1
Kevin Pillar,San Francisco Giants,19,152,150,139,1353,354,343,6,5,2,0.986
Drew Pomeranz,San Francisco Giants,19,21,17,0,77.2,10,2,7,1,0,0.9
Buster Posey,San Francisco Giants,19,104,99,85,870.1,842,793,47,2,3,0.998
Michael Reed,San Francisco Giants,19,4,2,0,19,3,2,1,0,0,1
Joey Rickard,San Francisco Giants,19,21,12,5,109.1,25,25,0,0,0,1
Dereck Rodriguez,San Francisco Giants,19,28,16,0,99,13,4,9,0,2,1
Tyler Rogers,San Francisco Giants,19,17,0,0,17.2,5,1,4,0,0,1
Jeff Samardzija,San Francisco Giants,19,32,32,0,181.1,18,8,9,1,0,0.944
Pablo Sandoval,San Francisco Giants,19,64,51,38,472.2,221,145,70,6,23,0.973
Sam Selman,San Francisco Giants,19,10,0,0,10.1,3,2,1,0,0,1
Chris Shaw,San Francisco Giants,19,4,1,0,12,5,4,1,0,0,1
Austin Slater,San Francisco Giants,19,56,41,28,385.2,126,117,7,2,4,0.984
Burch Smith,San Francisco Giants,19,10,0,0,8.2,1,0,1,0,0,1
Will Smith,San Francisco Giants,19,63,0,0,65.1,5,1,3,1,1,0.8
Donovan Solano,San Francisco Giants,19,55,42,34,407,199,84,113,2,27,0.99
Yangervis Solarte,San Francisco Giants,19,22,16,10,149.2,66,38,27,1,12,0.985
Andrew Suarez,San Francisco Giants,19,21,2,0,32.2,3,2,1,0,0,1
Pat Venditte,San Francisco Giants,19,2,0,0,3.1,1,1,0,0,0,1
Nick Vincent,San Francisco Giants,19,18,1,0,30.2,5,1,2,2,0,0.6
Stephen Vogt,San Francisco Giants,19,68,54,46,503,455,430,24,1,0,0.998
Tony Watson,San Francisco Giants,19,60,0,0,54,12,3,9,0,0,1
Logan Webb,San Francisco Giants,19,8,8,0,39.2,8,0,8,0,1,1
Mac Williamson,San Francisco Giants,19,14,14,14,129,26,23,2,1,0,0.962
Mike Yastrzemski,San Francisco Giants,19,102,89,59,821,195,189,2,4,0,0.979
Austin Adams,Seattle Mariners,19,29,2,0,31,4,2,1,1,1,0.75
R.J. Alaniz,Seattle Mariners,19,4,0,0,4,1,0,1,0,0,1
Dan Altavilla,Seattle Mariners,19,17,0,0,14.2,4,0,4,0,0,1
Shawn Armstrong,Seattle Mariners,19,4,0,0,3.2,0,0,0,0,0,
Anthony Bass,Seattle Mariners,19,44,0,0,48,11,5,6,0,1,1
Gerson Bautista,Seattle Mariners,19,8,2,0,9,0,0,0,0,0,
Tim Beckham,Seattle Mariners,19,75,72,64,615.2,280,127,139,14,33,0.95
Jesse Biddle,Seattle Mariners,19,11,0,0,11,2,0,0,2,0,0
Braden Bishop,Seattle Mariners,19,24,16,10,145.1,42,41,1,0,0,1
Chasen Bradford,Seattle Mariners,19,12,0,0,16.2,5,2,3,0,1,1
Brandon Brennan,Seattle Mariners,19,43,0,0,47.1,7,0,5,2,1,0.714
Keon Broxton,Seattle Mariners,19,25,17,15,151.1,38,36,1,1,0,0.974
Jay Bruce,Seattle Mariners,19,42,41,31,348.1,167,151,12,4,12,0.976
Matt Carasiti,Seattle Mariners,19,11,5,0,9.2,1,0,1,0,0,1
Ryan Court,Seattle Mariners,19,10,5,2,59.1,29,26,2,1,4,0.966
J.P. Crawford,Seattle Mariners,19,93,92,90,806.1,395,110,273,12,46,0.97
Justin Dunn,Seattle Mariners,19,4,4,0,6.2,1,0,1,0,0,1
Roenis Elias,Seattle Mariners,19,44,0,0,47,8,1,4,3,0,0.625
Edwin Encarnacion,Seattle Mariners,19,45,45,39,385.1,371,347,22,2,32,0.995
Matt Festa,Seattle Mariners,19,20,0,0,22.1,4,1,3,0,0,1
Jake Fraley,Seattle Mariners,19,12,10,9,88.1,20,19,0,1,0,0.95
David Freitas,Seattle Mariners,19,1,1,1,9,8,8,0,0,0,1
Ryan Garton,Seattle Mariners,19,2,0,0,3,1,1,0,0,0,1
Cory Gearrin,Seattle Mariners,19,48,2,0,41.1,10,3,7,0,2,1
Marco Gonzales,Seattle Mariners,19,34,34,0,203,33,7,23,3,2,0.909
Dee Gordon,Seattle Mariners,19,112,107,98,931.1,451,195,246,10,63,0.978
Zac Grotz,Seattle Mariners,19,14,0,0,17.1,1,0,1,0,0,1
Taylor Guilbeau,Seattle Mariners,19,17,0,0,12.1,4,1,2,1,0,0.75
Mitch Haniger,Seattle Mariners,19,62,62,53,539.1,166,165,0,1,0,0.994
Ryon Healy,Seattle Mariners,19,47,46,35,404,144,54,81,9,10,0.938
Felix Hernandez,Seattle Mariners,19,15,15,0,71.2,6,1,5,0,0,1
Yusei Kikuchi,Seattle Mariners,19,32,32,1,161.2,23,10,12,1,1,0.957
Mike Leake,Seattle Mariners,19,22,22,2,137,29,11,17,1,2,0.966
Wade LeBlanc,Seattle Mariners,19,26,8,0,121.1,13,7,6,0,1,1
Kyle Lewis,Seattle Mariners,19,18,17,17,161,44,43,0,1,0,0.977
Shed Long,Seattle Mariners,19,40,39,33,341,135,64,68,3,21,0.978
Tim Lopes,Seattle Mariners,19,37,30,20,259.1,55,50,3,2,1,0.964
Matt Magill,Seattle Mariners,19,22,0,0,22.1,3,2,1,0,0,1
Parker Markel,Seattle Mariners,19,5,0,0,4.2,1,0,1,0,0,1
Reggie McClain,Seattle Mariners,19,14,2,0,21,4,0,2,2,0,0.5
David McKay,Seattle Mariners,19,7,0,0,7,0,0,0,0,0,
Tommy Milone,Seattle Mariners,19,23,6,0,111.2,19,5,13,1,0,0.947
Andrew Moore,Seattle Mariners,19,1,1,0,4.2,0,0,0,0,0,
Dylan Moore,Seattle Mariners,19,104,67,52,677.1,278,136,133,9,35,0.968
Tom Murphy,Seattle Mariners,19,69,66,57,580,527,500,23,4,3,0.992
Omar Narvaez,Seattle Mariners,19,99,91,89,816.2,753,713,34,6,3,0.992
Kristopher Negron,Seattle Mariners,19,10,7,4,66,14,14,0,0,0,1
Austin Nola,Seattle Mariners,19,78,63,51,578.2,500,437,62,1,49,0.998
Zac Rosscup,Seattle Mariners,19,19,0,0,14,4,1,3,0,0,1
Nick Rumbelow,Seattle Mariners,19,3,0,0,1.1,0,0,0,0,0,
Connor Sadzeck,Seattle Mariners,19,20,0,0,23.2,4,2,2,0,0,1
Domingo Santana,Seattle Mariners,19,100,98,93,865.2,200,184,4,12,1,0.94
Tayler Scott,Seattle Mariners,19,5,2,0,7.2,2,1,0,1,0,0.5
Kyle Seager,Seattle Mariners,19,104,103,99,909.2,293,64,218,11,23,0.962
Justus Sheffield,Seattle Mariners,19,8,7,0,36,8,1,6,1,1,0.875
Mallex Smith,Seattle Mariners,19,132,124,110,1112,319,312,2,5,2,0.984
Hunter Strickland,Seattle Mariners,19,4,0,0,3.1,0,0,0,0,0,
Ichiro Suzuki,Seattle Mariners,19,2,2,0,10,3,3,0,0,0,1
Erik Swanson,Seattle Mariners,19,27,8,0,58,5,2,3,0,0,1
Anthony Swarzak,Seattle Mariners,19,15,0,0,13.2,1,0,1,0,0,1
Sam Tuivailala,Seattle Mariners,19,23,2,0,23,1,0,0,1,0,0
Daniel Vogelbach,Seattle Mariners,19,57,49,29,421.2,418,394,22,2,45,0.995
Donovan Walton,Seattle Mariners,19,7,5,3,47,15,8,7,0,1,1
Art Warren,Seattle Mariners,19,6,0,0,5.1,0,0,0,0,0,
Mac Williamson,Seattle Mariners,19,24,21,16,189,49,46,2,1,0,0.98
Matt Wisler,Seattle Mariners,19,23,8,0,22.1,3,2,1,0,0,1
Mike Wright,Seattle Mariners,19,9,0,0,16,3,3,0,0,0,1
Randy Arozarena,St. Louis Cardinals,19,11,4,2,43.2,12,11,1,0,0,1
Harrison Bader,St. Louis Cardinals,19,122,95,87,909.2,251,239,8,4,4,0.984
John Brebbia,St. Louis Cardinals,19,66,0,0,72.2,7,1,6,0,0,1
Genesis Cabrera,St. Louis Cardinals,19,13,2,0,20.1,3,0,3,0,0,1
Matt Carpenter,St. Louis Cardinals,19,108,104,82,899.2,239,69,162,8,17,0.967
Paul DeJong,St. Louis Cardinals,19,157,156,145,1372,653,211,435,7,119,0.989
Tommy Edman,St. Louis Cardinals,19,82,75,52,669.1,236,85,146,5,28,0.979
Junior Fernandez,St. Louis Cardinals,19,13,0,0,11.2,1,0,0,1,0,0
Jack Flaherty,St. Louis Cardinals,19,33,33,0,196.1,41,18,23,0,4,1
Dexter Fowler,St. Louis Cardinals,19,140,132,75,1138,251,238,8,5,3,0.98
Giovanny Gallegos,St. Louis Cardinals,19,66,0,0,74,8,3,4,1,0,0.875
John Gant,St. Louis Cardinals,19,64,0,0,66.1,12,5,7,0,0,1
Paul Goldschmidt,St. Louis Cardinals,19,159,155,143,1369.2,1372,1256,111,5,145,0.996
Luke Gregerson,St. Louis Cardinals,19,6,0,0,5.2,1,0,1,0,0,1
Jedd Gyorko,St. Louis Cardinals,19,16,9,6,85.1,33,8,23,2,1,0.939
Ryan Helsley,St. Louis Cardinals,19,24,0,0,36.2,3,0,3,0,0,1
Jordan Hicks,St. Louis Cardinals,19,29,0,0,28.2,6,3,3,0,0,1
Dakota Hudson,St. Louis Cardinals,19,33,32,0,174.2,41,13,26,2,1,0.951
Andrew Knizner,St. Louis Cardinals,19,17,13,13,121,131,124,6,1,3,0.992
Dominic Leone,St. Louis Cardinals,19,40,0,0,40.2,5,1,4,0,0,1
Carlos Martinez,St. Louis Cardinals,19,48,0,0,48.1,14,6,7,1,0,0.929
Jose Martinez,St. Louis Cardinals,19,79,72,31,561.2,118,112,3,3,0,0.975
Mike Mayers,St. Louis Cardinals,19,16,0,0,19,0,0,0,0,0,
Adalberto Mejia,St. Louis Cardinals,19,2,0,0,3,0,0,0,0,0,
Miles Mikolas,St. Louis Cardinals,19,32,32,1,184,44,14,30,0,2,1
Andrew Miller,St. Louis Cardinals,19,73,0,0,54.2,8,3,5,0,0,1
Yadier Molina,St. Louis Cardinals,19,111,108,93,948.1,953,922,30,1,6,0.999
Yairo Munoz,St. Louis Cardinals,19,64,29,17,319.1,98,46,51,1,9,0.99
Tyler O'Neill,St. Louis Cardinals,19,43,30,24,279.2,43,40,0,3,0,0.93
Marcell Ozuna,St. Louis Cardinals,19,129,129,113,1112,189,181,4,4,0,0.979
Daniel Ponce de Leon,St. Louis Cardinals,19,13,8,0,48.2,7,3,4,0,1,1
Rangel Ravelo,St. Louis Cardinals,19,9,5,2,43,36,35,1,0,2,1
Alex Reyes,St. Louis Cardinals,19,4,0,0,3,0,0,0,0,0,
Drew Robinson,St. Louis Cardinals,19,2,0,0,5.1,2,2,0,0,0,1
Chasen Shreve,St. Louis Cardinals,19,3,0,0,2,0,0,0,0,0,
Edmundo Sosa,St. Louis Cardinals,19,4,1,1,11,2,1,1,0,0,1
Lane Thomas,St. Louis Cardinals,19,25,4,3,81.2,23,22,1,0,1,1
Michael Wacha,St. Louis Cardinals,19,29,24,0,126.2,24,11,12,1,2,0.958
Adam Wainwright,St. Louis Cardinals,19,31,31,0,171.2,32,15,17,0,1,1
Tyler Webb,St. Louis Cardinals,19,65,0,0,55,10,5,5,0,0,1
Matt Wieters,St. Louis Cardinals,19,54,41,37,386.2,396,379,15,2,5,0.995
Kolten Wong,St. Louis Cardinals,19,147,134,124,1195.1,671,250,412,9,103,0.987
Willy Adames,Tampa Bay Rays,19,152,145,137,1314.2,562,157,388,17,68,0.97
Jesus Aguilar,Tampa Bay Rays,19,15,13,9,113,106,99,7,0,11,1
Jose Alvarado,Tampa Bay Rays,19,35,1,0,30,6,1,4,1,0,0.833
Nick Anderson,Tampa Bay Rays,19,23,0,0,21.1,0,0,0,0,0,
Christian Arroyo,Tampa Bay Rays,19,14,14,12,119,34,8,24,2,3,0.941
Anthony Banda,Tampa Bay Rays,19,3,0,0,4,0,0,0,0,0,
Jalen Beeks,Tampa Bay Rays,19,33,3,0,104.1,16,2,14,0,2,1
Anthony Bemboom,Tampa Bay Rays,19,3,2,0,16,26,26,0,0,0,1
Mike Brosseau,Tampa Bay Rays,19,47,32,14,316,104,45,58,1,10,0.99
Diego Castillo,Tampa Bay Rays,19,65,6,0,68.2,9,2,6,1,0,0.889
Yonny Chirinos,Tampa Bay Rays,19,26,18,0,133.1,15,4,10,1,1,0.933
Ji-Man Choi,Tampa Bay Rays,19,103,92,85,842,790,748,36,6,66,0.992
Nick Ciuffo,Tampa Bay Rays,19,3,1,1,16,23,21,2,0,0,1
Travis d'Arnaud,Tampa Bay Rays,19,88,78,61,725.2,792,762,28,2,10,0.997
Johnny Davis,Tampa Bay Rays,19,3,0,0,10,2,2,0,0,0,1
Jose De Leon,Tampa Bay Rays,19,3,0,0,4,0,0,0,0,0,
Yandy D?az,Tampa Bay Rays,19,63,62,43,554.2,246,157,84,5,24,0.98
Oliver Drake,Tampa Bay Rays,19,50,0,0,56,8,6,2,0,0,1
Matt Duffy,Tampa Bay Rays,19,46,41,32,374,104,24,73,7,11,0.933
Peter Fairbanks,Tampa Bay Rays,19,13,0,0,12.1,2,1,0,1,0,0.5
Jake Faria,Tampa Bay Rays,19,7,0,0,10,1,0,1,0,0,1
Wilmer Font,Tampa Bay Rays,19,10,0,0,14,0,0,0,0,0,
Avisail Garcia,Tampa Bay Rays,19,100,99,86,869.1,181,170,6,5,1,0.972
Ian Gibaut,Tampa Bay Rays,19,1,0,0,2,0,0,0,0,0,
Tyler Glasnow,Tampa Bay Rays,19,12,12,0,60.2,6,1,5,0,0,1
Guillermo Heredia,Tampa Bay Rays,19,79,55,42,534,141,137,1,3,0,0.979
Kevin Kiermaier,Tampa Bay Rays,19,125,117,110,1044.1,260,250,6,4,1,0.985
Andrew Kittredge,Tampa Bay Rays,19,37,7,0,49.2,8,4,4,0,0,1
Adam Kolarek,Tampa Bay Rays,19,54,0,0,44,18,5,13,0,0,1
Erik Kratz,Tampa Bay Rays,19,6,4,3,42,45,40,5,0,1,1
Brandon Lowe,Tampa Bay Rays,19,77,70,61,645,317,150,164,3,53,0.991
Nate Lowe,Tampa Bay Rays,19,25,20,17,179.1,165,159,5,1,11,0.994
Brendan McKay,Tampa Bay Rays,19,13,11,0,49,6,2,4,0,0,1
Austin Meadows,Tampa Bay Rays,19,88,86,70,773,156,152,2,2,1,0.987
Hoby Milner,Tampa Bay Rays,19,4,0,0,3.2,0,0,0,0,0,
Charlie Morton,Tampa Bay Rays,19,33,33,0,194.2,15,9,6,0,0,1
Emilio Pagan,Tampa Bay Rays,19,66,0,0,70,5,2,3,0,0,1
Michael Perez,Tampa Bay Rays,19,21,15,10,136,147,134,12,1,3,0.993
Tommy Pham,Tampa Bay Rays,19,123,123,112,1093.1,166,158,8,0,0,1
Ricardo Pinto,Tampa Bay Rays,19,2,0,0,2.1,2,1,1,0,0,1
Colin Poche,Tampa Bay Rays,19,51,0,0,51.2,1,0,1,0,0,1
Austin Pruitt,Tampa Bay Rays,19,14,2,0,47,9,3,6,0,0,1
Trevor Richards,Tampa Bay Rays,19,7,3,0,23.1,4,0,3,1,0,0.75
Daniel Robertson,Tampa Bay Rays,19,74,58,40,532.1,199,62,131,6,28,0.97
Chaz Roe,Tampa Bay Rays,19,71,0,0,51,4,0,3,1,0,0.75
Casey Sadler,Tampa Bay Rays,19,9,0,0,19.1,6,1,4,1,0,0.833
Aaron Slegers,Tampa Bay Rays,19,1,0,0,3,0,0,0,0,0,
Blake Snell,Tampa Bay Rays,19,23,23,0,107,16,1,14,1,1,0.938
Eric Sogard,Tampa Bay Rays,19,31,22,18,215,112,50,58,4,7,0.964
Ryne Stanek,Tampa Bay Rays,19,41,27,0,55.2,5,3,2,0,0,1
Cole Sulser,Tampa Bay Rays,19,7,0,0,7.1,1,0,1,0,0,1
Andrew Velazquez,Tampa Bay Rays,19,7,2,1,25,15,7,7,1,0,0.933
Joey Wendle,Tampa Bay Rays,19,74,64,49,594.2,236,84,149,3,29,0.987
Kean Wong,Tampa Bay Rays,19,3,3,1,25,6,3,3,0,1,1
Hunter Wood,Tampa Bay Rays,19,19,2,0,29,0,0,0,0,0,
Ryan Yarbrough,Tampa Bay Rays,19,28,14,0,141.2,19,6,13,0,1,1
Mike Zunino,Tampa Bay Rays,19,89,78,62,689.2,807,764,37,6,7,0.993
Kolby Allard,Texas Rangers,19,9,9,0,45.1,4,2,0,2,0,0.5
Elvis Andrus,Texas Rangers,19,146,146,140,1279.1,597,205,379,13,80,0.978
Jesse Biddle,Texas Rangers,19,4,0,0,5.1,0,0,0,0,0,
Kyle Bird,Texas Rangers,19,12,0,0,12.2,2,0,2,0,0,1
Brock Burke,Texas Rangers,19,6,6,0,26.2,5,0,5,0,0,1
Asdrubal Cabrera,Texas Rangers,19,93,90,84,793,246,66,173,7,25,0.972
Willie Calhoun,Texas Rangers,19,71,69,61,610,116,113,2,1,0,0.991
David Carpenter,Texas Rangers,19,4,0,0,3.1,1,1,0,0,0,1
Jesse Chavez,Texas Rangers,19,48,9,0,78,9,2,7,0,0,1
Shin-Soo Choo,Texas Rangers,19,81,80,66,688.2,157,153,0,4,0,0.975
Emmanuel Clase,Texas Rangers,19,21,1,0,23.1,2,0,0,2,0,0
Delino DeShields,Texas Rangers,19,112,94,92,860.2,268,261,2,5,1,0.981
Kyle Dowdy,Texas Rangers,19,13,1,0,22.1,4,3,1,0,0,1
Peter Fairbanks,Texas Rangers,19,8,0,0,8.2,1,1,0,0,0,1
Luke Farrell,Texas Rangers,19,9,1,0,13.1,1,0,1,0,0,1
Tim Federowicz,Texas Rangers,19,29,23,19,209.1,211,203,4,4,0,0.981
Logan Forsythe,Texas Rangers,19,91,86,72,767,474,333,131,10,59,0.979
Joey Gallo,Texas Rangers,19,63,63,50,551.1,154,142,8,4,1,0.974
Ian Gibaut,Texas Rangers,19,9,0,0,12.1,2,1,1,0,0,1
Jeanmar Gomez,Texas Rangers,19,16,0,0,15.1,0,0,0,0,0,
Taylor Guerrieri,Texas Rangers,19,20,0,0,26.1,1,1,0,0,0,1
Ronald Guzman,Texas Rangers,19,81,72,69,647.2,582,544,33,5,61,0.991
Taylor Hearn,Texas Rangers,19,1,1,0,0.1,0,0,0,0,0,
Scott Heineman,Texas Rangers,19,25,21,19,194,73,70,3,0,3,1
Jonathan Hernandez,Texas Rangers,19,9,2,0,16.2,0,0,0,0,0,
Wei-Chieh Huang,Texas Rangers,19,4,0,0,5.2,1,1,0,0,0,1
Ariel Jurado,Texas Rangers,19,32,18,1,122.1,17,6,9,2,0,0.882
Shawn Kelley,Texas Rangers,19,50,0,0,47.1,11,6,5,0,2,1
Isiah Kiner-Falefa,Texas Rangers,19,63,54,51,492.1,328,261,64,3,5,0.991
Jose Leclerc,Texas Rangers,19,70,3,0,68.2,10,7,3,0,0,1
Lance Lynn,Texas Rangers,19,33,33,0,208.1,14,8,6,0,0,1
Brett Martin,Texas Rangers,19,51,2,0,62.1,6,1,5,0,0,1
Chris Martin,Texas Rangers,19,38,0,0,38,3,0,2,1,0,0.667
Jeff Mathis,Texas Rangers,19,88,76,55,653.1,722,686,30,6,2,0.992
Nomar Mazara,Texas Rangers,19,101,100,95,878.1,197,192,4,1,0,0.995
Yohander Mendez,Texas Rangers,19,3,0,0,4.2,2,0,2,0,0,1
Shelby Miller,Texas Rangers,19,19,8,0,44,1,1,0,0,0,1
Mike Minor,Texas Rangers,19,32,32,2,208.1,28,7,21,0,1,1
Rafael Montero,Texas Rangers,19,22,0,0,29,7,4,3,0,1,1
Rougned Odor,Texas Rangers,19,137,134,133,1188.1,555,246,294,15,85,0.973
Joe Palumbo,Texas Rangers,19,7,4,0,16.2,2,0,2,0,1,1
Pedro Payano,Texas Rangers,19,6,4,0,22,2,0,2,0,1,1
Hunter Pence,Texas Rangers,19,23,23,19,192.1,49,49,0,0,0,1
Adrian Sampson,Texas Rangers,19,35,15,1,125.1,21,4,17,0,1,1
Danny Santana,Texas Rangers,19,120,111,93,997.2,535,427,93,15,48,0.972
Drew Smyly,Texas Rangers,19,13,9,0,51.1,9,3,6,0,0,1
Nick Solak,Texas Rangers,19,16,16,16,144,42,15,24,3,4,0.929
Jeffrey Springs,Texas Rangers,19,25,0,0,32.1,1,0,1,0,0,1
Locke St. John,Texas Rangers,19,7,0,0,6.2,1,1,0,0,0,1
Jose Trevino,Texas Rangers,19,40,32,28,297.2,273,259,13,1,1,0.996
Phillips Valdez,Texas Rangers,19,11,0,0,16,1,1,0,0,0,1
Edinson Volquez,Texas Rangers,19,11,4,0,16,3,3,0,0,1,1
Patrick Wisdom,Texas Rangers,19,9,6,4,62,32,25,6,1,5,0.969
Jason Adam,Toronto Blue Jays,19,23,0,0,21.2,6,3,2,1,1,0.833
Anthony Alford,Toronto Blue Jays,19,13,5,3,63,18,17,0,1,1,0.944
Joe Biagini,Toronto Blue Jays,19,50,0,0,50,8,0,6,2,0,0.75
Bo Bichette,Toronto Blue Jays,19,42,42,40,361.2,171,58,106,7,23,0.959
Cavan Biggio,Toronto Blue Jays,19,96,94,84,835.1,404,192,207,5,49,0.988
Ryan Borucki,Toronto Blue Jays,19,2,2,0,6.2,0,0,0,0,0,
Buddy Boshers,Toronto Blue Jays,19,28,1,0,20,1,0,1,0,0,1
Socrates Brito,Toronto Blue Jays,19,17,11,8,101.2,28,26,0,2,0,0.929
Clay Buchholz,Toronto Blue Jays,19,12,12,0,59,23,7,16,0,2,1
Jimmy Cordero,Toronto Blue Jays,19,1,0,0,1.1,0,0,0,0,0,
Jonathan Davis,Toronto Blue Jays,19,35,24,20,225,56,55,0,1,0,0.982
Yennsy Diaz,Toronto Blue Jays,19,1,0,0,0.2,1,0,1,0,0,1
Brandon Drury,Toronto Blue Jays,19,116,109,96,990,375,219,151,5,25,0.987
Ryan Dull,Toronto Blue Jays,19,1,0,0,1.1,0,0,0,0,0,
Ryan Feierabend,Toronto Blue Jays,19,2,1,1,5.2,1,0,1,0,0,1
Derek Fisher,Toronto Blue Jays,19,33,30,23,245.2,60,56,1,3,1,0.95
Wilmer Font,Toronto Blue Jays,19,23,14,0,39.1,7,3,4,0,0,1
Freddy Galvis,Toronto Blue Jays,19,108,106,102,935.1,435,138,291,6,64,0.986
Sam Gaviglio,Toronto Blue Jays,19,52,0,0,95.2,9,4,5,0,1,1
Ken Giles,Toronto Blue Jays,19,53,0,0,53,5,3,2,0,1,1
Zack Godley,Toronto Blue Jays,19,6,0,0,16,3,0,2,1,0,0.667
Randal Grichuk,Toronto Blue Jays,19,140,139,118,1211.1,276,268,6,2,2,0.993
Javy Guerra,Toronto Blue Jays,19,11,0,0,14,1,0,1,0,0,1
Vladimir Guerrero Jr.,Toronto Blue Jays,19,96,94,87,824.1,265,66,182,17,23,0.936
Lourdes Gurriel Jr.,Toronto Blue Jays,19,74,70,67,617.1,136,113,21,2,4,0.985
Alen Hanson,Toronto Blue Jays,19,14,11,8,103,46,30,15,1,6,0.978
Teoscar Hernandez,Toronto Blue Jays,19,118,110,97,992,273,261,9,3,4,0.989
Daniel Hudson,Toronto Blue Jays,19,45,1,0,48,10,2,7,1,0,0.9
Edwin Jackson,Toronto Blue Jays,19,8,5,0,28.1,5,3,2,0,0,1
Danny Jansen,Toronto Blue Jays,19,103,94,89,852.2,854,803,47,4,8,0.995
Anthony Kay,Toronto Blue Jays,19,3,2,0,14,2,0,2,0,0,1
Nick Kingham,Toronto Blue Jays,19,11,0,0,21,3,1,2,0,1,1
Derek Law,Toronto Blue Jays,19,58,4,0,60.2,17,3,12,2,0,0.882
Elvis Luciano,Toronto Blue Jays,19,25,0,0,33.2,4,1,3,0,2,1
Luke Maile,Toronto Blue Jays,19,45,41,31,347.1,348,316,28,4,3,0.989
Tim Mayza,Toronto Blue Jays,19,68,0,0,51.1,12,3,7,2,0,0.833
Reese McGuire,Toronto Blue Jays,19,30,26,26,236.1,244,226,16,2,1,0.992
Billy McKinney,Toronto Blue Jays,19,73,63,49,568,141,131,6,4,4,0.972
Thomas Pannone,Toronto Blue Jays,19,37,7,0,73,5,2,3,0,1,1
David Phelps,Toronto Blue Jays,19,17,1,0,17.1,0,0,0,0,0,
Kevin Pillar,Toronto Blue Jays,19,4,4,4,39,11,11,0,0,0,1
Neil Ramirez,Toronto Blue Jays,19,6,1,0,8.1,1,0,1,0,0,1
Sean Reid-Foley,Toronto Blue Jays,19,9,6,0,31.2,4,0,4,0,0,1
Clayton Richard,Toronto Blue Jays,19,10,10,0,45.1,19,5,13,1,1,0.947
Jordan Romano,Toronto Blue Jays,19,17,0,0,15.1,5,3,2,0,1,1
Zac Rosscup,Toronto Blue Jays,19,2,0,0,1,0,0,0,0,0,
Aaron Sanchez,Toronto Blue Jays,19,23,23,0,112.2,24,8,16,0,1,1
Justin Shafer,Toronto Blue Jays,19,34,0,0,39.2,3,2,1,0,0,1
Matt Shoemaker,Toronto Blue Jays,19,5,5,0,28.2,11,6,4,1,0,0.909
Justin Smoak,Toronto Blue Jays,19,89,88,82,772,732,686,42,4,64,0.995
Eric Sogard,Toronto Blue Jays,19,55,53,47,486.2,209,87,119,3,24,0.986
Brock Stewart,Toronto Blue Jays,19,10,0,0,21.2,2,1,1,0,0,1
Marcus Stroman,Toronto Blue Jays,19,21,21,0,124.2,34,11,20,3,1,0.912
Beau Taylor,Toronto Blue Jays,19,1,1,0,6,6,6,0,0,0,1
Rowdy Tellez,Toronto Blue Jays,19,57,57,48,483,494,451,41,2,40,0.996
Ryan Tepera,Toronto Blue Jays,19,23,1,0,21.2,5,0,4,1,0,0.8
Trent Thornton,Toronto Blue Jays,19,32,29,0,154.1,15,6,8,1,1,0.933
Richard Urena,Toronto Blue Jays,19,29,21,20,196,69,21,46,2,6,0.971
Breyvic Valera,Toronto Blue Jays,19,5,3,3,33,13,5,8,0,1,1
Jacob Waguespack,Toronto Blue Jays,19,16,13,0,78,7,2,5,0,0,1
T.J. Zeuch,Toronto Blue Jays,19,5,3,0,22.2,3,0,3,0,0,1
Austin Adams,Washington Nationals,19,1,0,0,1,0,0,0,0,0,
Matt Adams,Washington Nationals,19,79,71,60,610.1,558,502,51,5,40,0.991
Kyle Barraclough,Washington Nationals,19,33,0,0,25.2,5,2,2,1,0,0.8
Aaron Barrett,Washington Nationals,19,3,0,0,2.1,0,0,0,0,0,
Tres Barrera,Washington Nationals,19,1,0,0,2,0,0,0,0,0,
Michael Blazek,Washington Nationals,19,4,0,0,5,0,0,0,0,0,
James Bourque,Washington Nationals,19,1,0,0,0.2,0,0,0,0,0,
Asdrubal Cabrera,Washington Nationals,19,34,32,24,291,113,51,62,0,15,1
Patrick Corbin,Washington Nationals,19,33,33,1,202,42,12,30,0,0,1
Wilmer Difo,Washington Nationals,19,40,35,33,324.2,114,34,78,2,14,0.982
Sean Doolittle,Washington Nationals,19,63,0,0,60,0,0,0,0,0,
Brian Dozier,Washington Nationals,19,123,114,103,1010,398,145,248,5,61,0.987
Adam Eaton,Washington Nationals,19,145,143,126,1220.2,286,277,3,6,1,0.979
Roenis Elias,Washington Nationals,19,4,0,0,3,0,0,0,0,0,
Erick Fedde,Washington Nationals,19,21,12,0,78,25,13,12,0,1,1
Yan Gomes,Washington Nationals,19,93,90,85,788,888,843,41,4,3,0.995
Matt Grace,Washington Nationals,19,51,1,0,46.2,7,3,2,2,1,0.714
Javy Guerra,Washington Nationals,19,40,0,0,53.2,10,7,2,1,0,0.9
Jeremy Hellickson,Washington Nationals,19,9,8,0,39,9,2,7,0,0,1
Daniel Hudson,Washington Nationals,19,24,0,0,25,4,3,1,0,0,1
Dan Jennings,Washington Nationals,19,8,0,0,4.2,1,0,1,0,0,1
Howie Kendrick,Washington Nationals,19,81,63,51,601,401,308,91,2,35,0.995
Carter Kieboom,Washington Nationals,19,10,10,10,90,40,15,21,4,4,0.9
Kyle McGowin,Washington Nationals,19,7,1,0,16,3,2,0,1,0,0.667
Justin Miller,Washington Nationals,19,17,0,0,15.2,1,0,1,0,0,1
Jake Noll,Washington Nationals,19,3,2,2,17,9,7,1,1,0,0.889
Gerardo Parra,Washington Nationals,19,47,36,26,351,162,144,17,1,12,0.994
Tanner Rainey,Washington Nationals,19,52,0,0,48.1,8,1,7,0,0,1
Raudy Read,Washington Nationals,19,4,2,2,22,21,20,1,0,0,1
Anthony Rendon,Washington Nationals,19,146,146,132,1265.1,355,95,249,11,31,0.969
Victor Robles,Washington Nationals,19,152,147,138,1308.2,366,348,12,6,2,0.984
Fernando Rodney,Washington Nationals,19,38,0,0,33.1,3,1,2,0,0,1
Trevor Rosenthal,Washington Nationals,19,12,0,0,6.1,1,1,0,0,0,1
Joe Ross,Washington Nationals,19,27,9,0,64,16,4,11,1,0,0.938
Adrian Sanchez,Washington Nationals,19,14,1,1,32.2,17,9,7,1,1,0.941
Anibal Sanchez,Washington Nationals,19,30,30,0,166,39,17,18,4,0,0.897
Max Scherzer,Washington Nationals,19,27,27,0,172.1,24,10,13,1,1,0.958
Tony Sipp,Washington Nationals,19,36,0,0,21,4,2,1,1,0,0.75
Juan Soto,Washington Nationals,19,150,150,147,1327.1,275,273,0,2,0,0.993
Andrew Stevenson,Washington Nationals,19,5,3,1,25,1,1,0,0,0,1
Stephen Strasburg,Washington Nationals,19,33,33,0,209,47,21,24,2,2,0.957
Hunter Strickland,Washington Nationals,19,24,0,0,21,2,2,0,0,0,1
Wander Suero,Washington Nationals,19,78,0,0,71.1,14,4,7,3,0,0.786
Kurt Suzuki,Washington Nationals,19,75,70,66,628.1,696,666,27,3,1,0.996
Michael A. Taylor,Washington Nationals,19,31,19,14,189.1,35,32,2,1,1,0.971
Trea Turner,Washington Nationals,19,122,122,117,1065.1,441,130,298,13,57,0.971
Jonny Venters,Washington Nationals,19,3,0,0,3.1,0,0,0,0,0,
Austin Voth,Washington Nationals,19,9,8,0,43.2,8,4,4,0,0,1
Austen Williams,Washington Nationals,19,2,0,0,0.1,0,0,0,0,0,
Ryan Zimmerman,Washington Nationals,19,44,40,32,346,330,307,20,3,24,0.991
